Country,ISO_Code,Year,CO2_Emissions_Per_Capita,Average_Credit_Score_Corporate,GDP_Per_Capita,Trade_Connectivity_Index
United States,USA,2000,8.43,673.23,40546.43,64.04
United States,USA,2001,9.625,665.01,43392.68,66.33
United States,USA,2002,8.852,729.48,41497.58,74.31
United States,USA,2003,10.717,665.71,45947.47,55.82
United States,USA,2004,11.745,644.2,48162.78,66.19
United States,USA,2005,9.374,618.19,44984.41,69.63
United States,USA,2006,9.263,595.02,42824.84,72.14
United States,USA,2007,8.434,642.28,50721.76,65.04
United States,USA,2008,12.854,687.53,46902.09,68.46
United States,USA,2009,10.396,652.4,50755.02,63.54
United States,USA,2010,9.955,660.69,45090.27,63.47
United States,USA,2011,12.828,709.6,45591.06,64.11
United States,USA,2012,14.117,690.88,46327.11,67.6
United States,USA,2013,10.705,727.88,49743.6,72.66
United States,USA,2014,9.051,711.26,49005.52,68.32
United States,USA,2015,11.657,692.78,48862.89,69.78
United States,USA,2016,9.232,698.43,44971.38,62.9
United States,USA,2017,8.44,675.14,46961.4,73.8
United States,USA,2018,8.942,735.3,45292.79,74.79
United States,USA,2019,9.041,621.57,48284.44,75.06
United States,USA,2020,7.632,680.2,49651.03,75.44
United States,USA,2021,9.554,743.34,53379.38,69.4
United States,USA,2022,10.509,632.1,50107.59,73.52
United States,USA,2023,9.257,647.97,50962.34,71.84
China,CHN,2000,1.428,366.66,20430.43,32.83
China,CHN,2001,3.882,436.41,17548.08,39.19
China,CHN,2002,2.765,457.53,19455.05,13.1
China,CHN,2003,3.964,524.48,22178.89,34.78
China,CHN,2004,5.442,509.4,20355.25,36.26
China,CHN,2005,2.648,454.18,19856.8,30.99
China,CHN,2006,4.429,445.2,22107.28,26.23
China,CHN,2007,4.723,403.52,21179.46,32.16
China,CHN,2008,4.179,493.42,15881.39,44.45
China,CHN,2009,3.425,426.51,24109.15,26.26
China,CHN,2010,6.108,443.82,16621.27,21.8
China,CHN,2011,5.041,486.79,22891.21,37.69
China,CHN,2012,3.716,487.86,18174.7,18.53
China,CHN,2013,6.006,432.96,21252.7,31.57
China,CHN,2014,4.055,477.43,21397.1,32.67
China,CHN,2015,3.533,427.79,23565.93,27.49
China,CHN,2016,4.203,441.86,25222.8,29.68
China,CHN,2017,4.931,441.91,21034.38,27.04
China,CHN,2018,3.418,449.48,18597.61,25.26
China,CHN,2019,6.449,412.23,21344.22,24.33
China,CHN,2020,6.397,457.51,20710.81,22.91
China,CHN,2021,4.004,509.24,22855.6,26.27
China,CHN,2022,3.636,527.7,22404.43,41.91
China,CHN,2023,4.638,518.69,23494.97,30.38
Japan,JPN,2000,4.594,454.1,23028.19,38.24
Japan,JPN,2001,2.773,475.97,21415.33,29.57
Japan,JPN,2002,3.348,421.56,17637.54,29.37
Japan,JPN,2003,4.392,467.44,20292.65,30.84
Japan,JPN,2004,5.519,448.23,22815.35,29.98
Japan,JPN,2005,1.264,499.71,20834.89,29.46
Japan,JPN,2006,4.638,496.49,21458.87,33.69
Japan,JPN,2007,3.352,499.94,24174.88,34.09
Japan,JPN,2008,5.433,516.8,21222.77,32.77
Japan,JPN,2009,5.556,392.02,21046.44,37.27
Japan,JPN,2010,4.548,454.22,23700.56,30.51
Japan,JPN,2011,2.211,439.49,17973.95,38.88
Japan,JPN,2012,2.277,533.0,15580.79,42.39
Japan,JPN,2013,3.491,482.81,18921.77,43.44
Japan,JPN,2014,4.485,502.06,21475.08,35.51
Japan,JPN,2015,2.858,447.28,23080.0,25.59
Japan,JPN,2016,1.819,449.99,21840.75,36.47
Japan,JPN,2017,4.344,427.78,18841.34,27.99
Japan,JPN,2018,3.939,538.77,22367.74,27.04
Japan,JPN,2019,4.423,443.87,22689.15,35.29
Japan,JPN,2020,4.625,474.28,22321.31,42.98
Japan,JPN,2021,5.434,478.07,21950.91,36.22
Japan,JPN,2022,3.349,506.48,21861.6,32.03
Japan,JPN,2023,5.822,496.38,21003.32,34.73
Germany,DEU,2000,4.55,451.25,23541.0,31.94
Germany,DEU,2001,5.035,469.5,18085.04,52.14
Germany,DEU,2002,7.894,503.93,27607.7,47.45
Germany,DEU,2003,6.246,523.15,18855.65,37.36
Germany,DEU,2004,2.898,507.93,20510.48,38.97
Germany,DEU,2005,6.819,444.34,22679.67,38.85
Germany,DEU,2006,5.382,521.48,24831.23,41.81
Germany,DEU,2007,5.736,510.84,26609.86,49.8
Germany,DEU,2008,4.301,489.31,27849.07,42.93
Germany,DEU,2009,6.578,553.43,25457.7,43.69
Germany,DEU,2010,5.155,464.27,25124.34,41.96
Germany,DEU,2011,7.873,539.69,20941.93,27.43
Germany,DEU,2012,4.693,505.57,21939.25,40.67
Germany,DEU,2013,6.939,463.0,25434.52,41.89
Germany,DEU,2014,4.782,552.81,24388.26,31.65
Germany,DEU,2015,6.031,513.8,26420.31,43.28
Germany,DEU,2016,4.704,519.39,27425.76,35.02
Germany,DEU,2017,6.377,512.57,28165.27,28.86
Germany,DEU,2018,6.056,572.1,25231.3,40.87
Germany,DEU,2019,7.79,583.96,28426.99,29.62
Germany,DEU,2020,4.496,451.5,23804.84,39.43
Germany,DEU,2021,3.152,455.7,27610.05,34.51
Germany,DEU,2022,7.44,548.74,29469.35,38.91
Germany,DEU,2023,4.796,547.22,29423.22,41.43
India,IND,2000,6.406,415.88,20761.84,33.4
India,IND,2001,3.5,415.85,19506.58,20.45
India,IND,2002,3.213,538.01,19600.79,51.49
India,IND,2003,4.468,435.04,23172.44,32.82
India,IND,2004,5.854,471.02,24076.14,35.78
India,IND,2005,3.947,465.65,19704.71,24.92
India,IND,2006,4.113,402.99,22192.77,30.99
India,IND,2007,5.882,511.6,21940.85,37.67
India,IND,2008,4.041,451.72,18931.7,30.81
India,IND,2009,3.868,444.42,19674.16,39.34
India,IND,2010,2.536,435.21,18217.61,42.13
India,IND,2011,5.006,485.18,19036.86,41.55
India,IND,2012,2.569,430.19,20676.99,16.92
India,IND,2013,5.002,491.8,21779.33,24.45
India,IND,2014,3.347,441.53,24146.92,29.31
India,IND,2015,4.391,415.3,21919.79,36.21
India,IND,2016,2.828,474.73,24665.99,34.53
India,IND,2017,2.8,430.75,19420.95,22.16
India,IND,2018,7.143,510.69,20827.6,30.19
India,IND,2019,2.455,458.67,25134.69,37.84
India,IND,2020,2.594,537.42,23180.37,50.41
India,IND,2021,4.077,474.47,26746.54,29.34
India,IND,2022,5.052,469.96,23215.49,31.87
India,IND,2023,4.127,482.08,26652.48,39.78
United Kingdom,GBR,2000,13.744,790.99,56146.55,78.18
United Kingdom,GBR,2001,14.869,815.72,56105.52,87.68
United Kingdom,GBR,2002,15.213,797.1,64842.33,89.17
United Kingdom,GBR,2003,12.989,745.95,60035.08,85.11
United Kingdom,GBR,2004,14.11,811.22,64306.4,91.87
United Kingdom,GBR,2005,11.915,794.74,62390.89,93.48
United Kingdom,GBR,2006,15.136,824.98,60100.06,82.63
United Kingdom,GBR,2007,13.288,775.55,63794.54,88.19
United Kingdom,GBR,2008,12.112,790.84,62305.35,85.92
United Kingdom,GBR,2009,14.757,693.35,67464.28,92.99
United Kingdom,GBR,2010,12.513,775.67,58546.12,97.77
United Kingdom,GBR,2011,13.858,833.7,64873.47,94.52
United Kingdom,GBR,2012,13.535,842.28,62269.23,82.57
United Kingdom,GBR,2013,12.635,795.28,66991.11,81.19
United Kingdom,GBR,2014,13.595,826.87,60371.2,100.0
United Kingdom,GBR,2015,15.398,807.62,65777.0,83.68
United Kingdom,GBR,2016,13.89,765.29,58348.51,85.31
United Kingdom,GBR,2017,14.611,796.87,65220.42,95.65
United Kingdom,GBR,2018,11.608,821.96,63014.06,85.91
United Kingdom,GBR,2019,13.997,808.92,60427.31,88.04
United Kingdom,GBR,2020,12.192,850.0,62480.82,78.67
United Kingdom,GBR,2021,12.58,781.8,67992.48,100.0
United Kingdom,GBR,2022,13.975,786.94,66493.25,98.32
United Kingdom,GBR,2023,14.679,850.0,65931.91,92.23
France,FRA,2000,4.712,446.51,19017.74,37.79
France,FRA,2001,4.019,451.69,18384.01,34.07
France,FRA,2002,3.512,539.93,16138.72,31.21
France,FRA,2003,4.156,471.58,17391.97,27.6
France,FRA,2004,4.311,479.04,21256.25,29.4
France,FRA,2005,2.862,464.54,25265.62,41.86
France,FRA,2006,4.487,549.91,17822.43,39.46
France,FRA,2007,5.992,410.3,14935.73,35.29
France,FRA,2008,4.566,473.53,25415.68,43.66
France,FRA,2009,3.078,450.99,23008.95,19.15
France,FRA,2010,7.508,417.64,19563.35,29.48
France,FRA,2011,4.072,407.22,19137.16,29.39
France,FRA,2012,4.381,467.66,25349.67,32.57
France,FRA,2013,5.192,447.24,23144.69,43.06
France,FRA,2014,3.247,455.64,22503.36,31.73
France,FRA,2015,5.389,412.04,22934.78,34.62
France,FRA,2016,3.82,443.91,21328.02,36.96
France,FRA,2017,4.954,450.75,21554.38,36.43
France,FRA,2018,7.393,489.6,18925.88,36.2
France,FRA,2019,2.194,477.11,17975.22,52.38
France,FRA,2020,1.696,448.9,27985.83,28.11
France,FRA,2021,4.308,411.84,22118.08,32.25
France,FRA,2022,3.233,482.85,23057.36,28.26
France,FRA,2023,5.48,454.03,23032.37,33.59
Italy,ITA,2000,3.645,400.87,14409.53,22.34
Italy,ITA,2001,1.866,434.05,10314.34,24.83
Italy,ITA,2002,0.918,365.36,9429.25,17.09
Italy,ITA,2003,3.569,396.87,7948.09,20.98
Italy,ITA,2004,1.347,372.03,11016.74,26.72
Italy,ITA,2005,1.981,312.44,12247.92,16.25
Italy,ITA,2006,2.265,356.51,9813.15,19.57
Italy,ITA,2007,2.989,420.04,10086.56,17.32
Italy,ITA,2008,2.909,399.8,9749.46,17.92
Italy,ITA,2009,1.616,448.53,10727.26,33.01
Italy,ITA,2010,1.565,445.59,14245.32,20.53
Italy,ITA,2011,1.639,425.94,10537.16,25.93
Italy,ITA,2012,3.879,386.12,13529.73,22.19
Italy,ITA,2013,1.452,371.8,14093.11,25.93
Italy,ITA,2014,1.908,398.93,13258.9,30.84
Italy,ITA,2015,3.451,350.72,9564.25,26.71
Italy,ITA,2016,2.923,382.94,13414.04,31.87
Italy,ITA,2017,1.818,336.35,18992.41,18.65
Italy,ITA,2018,2.937,308.79,16943.75,20.0
Italy,ITA,2019,2.759,449.47,17146.65,12.07
Italy,ITA,2020,0.729,381.99,11790.56,28.47
Italy,ITA,2021,4.676,468.33,9765.63,19.23
Italy,ITA,2022,3.402,398.32,14394.35,29.19
Italy,ITA,2023,1.576,418.57,14392.01,24.16
Brazil,BRA,2000,2.707,354.64,11940.03,21.55
Brazil,BRA,2001,2.799,347.73,10183.3,19.17
Brazil,BRA,2002,3.482,426.8,10703.18,17.98
Brazil,BRA,2003,4.766,395.12,12934.59,32.15
Brazil,BRA,2004,4.242,421.91,8394.4,27.21
Brazil,BRA,2005,3.505,477.55,11564.16,35.71
Brazil,BRA,2006,2.028,410.63,15955.3,23.7
Brazil,BRA,2007,3.504,353.18,12195.73,33.25
Brazil,BRA,2008,0.855,472.72,12178.67,30.18
Brazil,BRA,2009,2.5,391.16,17277.14,30.11
Brazil,BRA,2010,1.712,329.69,14537.23,23.77
Brazil,BRA,2011,1.11,384.31,10021.92,21.63
Brazil,BRA,2012,2.613,414.52,12778.52,26.87
Brazil,BRA,2013,3.772,439.61,14752.85,28.46
Brazil,BRA,2014,5.836,416.98,21730.07,26.32
Brazil,BRA,2015,4.535,393.06,13934.69,33.69
Brazil,BRA,2016,1.191,447.1,15815.19,14.56
Brazil,BRA,2017,3.623,404.29,17605.46,19.55
Brazil,BRA,2018,1.061,356.12,18806.03,32.52
Brazil,BRA,2019,2.595,424.59,8312.87,19.43
Brazil,BRA,2020,4.574,382.98,14511.53,34.68
Brazil,BRA,2021,1.134,423.59,13470.95,30.29
Brazil,BRA,2022,2.744,404.92,17976.73,23.29
Brazil,BRA,2023,1.803,470.67,11486.98,19.29
Canada,CAN,2000,12.839,807.99,59094.18,73.99
Canada,CAN,2001,16.176,789.3,57426.65,78.14
Canada,CAN,2002,11.584,722.81,56576.8,92.94
Canada,CAN,2003,12.987,783.28,63728.69,96.45
Canada,CAN,2004,12.928,816.49,60600.65,85.97
Canada,CAN,2005,13.777,801.69,57246.44,80.34
Canada,CAN,2006,15.914,837.53,58310.94,84.42
Canada,CAN,2007,13.726,796.28,60857.0,75.66
Canada,CAN,2008,12.669,710.51,61931.21,88.74
Canada,CAN,2009,12.998,756.53,62535.43,82.14
Canada,CAN,2010,14.35,785.25,60952.25,82.6
Canada,CAN,2011,13.786,805.24,62316.76,84.15
Canada,CAN,2012,14.555,815.11,62008.8,96.6
Canada,CAN,2013,11.612,774.7,59256.03,91.29
Canada,CAN,2014,12.823,798.62,61068.74,83.74
Canada,CAN,2015,13.414,817.01,65136.9,90.31
Canada,CAN,2016,11.785,780.32,64227.59,80.31
Canada,CAN,2017,15.154,836.08,59075.43,95.22
Canada,CAN,2018,16.203,834.12,57551.77,92.38
Canada,CAN,2019,13.598,850.0,57396.5,84.31
Canada,CAN,2020,13.551,762.52,64076.23,95.43
Canada,CAN,2021,13.656,802.58,64678.39,78.62
Canada,CAN,2022,14.775,744.64,62921.34,72.59
Canada,CAN,2023,15.131,837.43,65607.48,86.22
Russia,RUS,2000,0.533,353.6,10431.17,28.65
Russia,RUS,2001,1.397,311.16,8071.29,16.91
Russia,RUS,2002,2.584,443.95,9641.66,20.71
Russia,RUS,2003,2.262,397.36,14800.77,16.59
Russia,RUS,2004,2.067,362.08,9625.75,27.36
Russia,RUS,2005,3.096,383.69,7658.35,15.5
Russia,RUS,2006,1.403,361.75,7126.52,26.38
Russia,RUS,2007,5.013,370.72,6852.56,21.95
Russia,RUS,2008,1.402,410.25,10979.12,12.98
Russia,RUS,2009,0.1,380.22,10146.09,21.72
Russia,RUS,2010,2.48,340.28,12553.35,24.82
Russia,RUS,2011,1.664,397.37,11519.33,12.71
Russia,RUS,2012,1.861,354.33,9108.68,26.03
Russia,RUS,2013,0.681,381.2,7120.86,15.03
Russia,RUS,2014,2.838,335.8,11971.23,11.36
Russia,RUS,2015,1.216,324.52,12415.74,30.85
Russia,RUS,2016,2.425,365.62,15193.57,26.69
Russia,RUS,2017,1.059,371.79,12799.36,24.68
Russia,RUS,2018,0.1,442.72,14096.79,11.95
Russia,RUS,2019,3.444,329.67,14348.75,18.18
Russia,RUS,2020,0.343,392.47,10315.57,24.41
Russia,RUS,2021,1.662,417.05,16015.86,10.24
Russia,RUS,2022,1.943,341.35,8216.71,20.15
Russia,RUS,2023,3.531,326.33,14310.7,23.64
South Korea,KOR,2000,12.935,656.09,49301.2,71.84
South Korea,KOR,2001,10.341,712.46,50242.15,71.94
South Korea,KOR,2002,12.364,727.08,52629.41,66.71
South Korea,KOR,2003,11.947,687.77,50048.58,75.65
South Korea,KOR,2004,11.087,789.25,51202.51,71.19
South Korea,KOR,2005,9.972,650.43,48095.98,69.32
South Korea,KOR,2006,11.668,706.92,54436.95,73.06
South Korea,KOR,2007,9.044,755.93,52248.93,80.95
South Korea,KOR,2008,14.067,709.15,45222.0,77.72
South Korea,KOR,2009,10.593,779.54,52616.15,76.24
South Korea,KOR,2010,10.915,692.49,53302.71,70.37
South Korea,KOR,2011,11.584,731.21,52249.62,77.89
South Korea,KOR,2012,10.208,705.74,47282.38,75.45
South Korea,KOR,2013,12.049,710.64,53096.45,79.62
South Korea,KOR,2014,9.539,679.18,52401.77,73.85
South Korea,KOR,2015,12.307,683.36,53331.65,70.88
South Korea,KOR,2016,12.809,762.57,48759.81,61.54
South Korea,KOR,2017,13.404,698.85,51668.31,73.04
South Korea,KOR,2018,9.959,752.08,49509.03,72.07
South Korea,KOR,2019,12.561,702.89,51498.21,82.76
South Korea,KOR,2020,10.557,745.73,50410.63,69.43
South Korea,KOR,2021,12.001,689.14,54997.05,78.02
South Korea,KOR,2022,9.909,772.87,52863.04,81.71
South Korea,KOR,2023,10.949,822.22,49258.32,66.66
Australia,AUS,2000,2.822,336.85,9329.89,29.96
Australia,AUS,2001,0.518,395.06,7601.85,27.95
Australia,AUS,2002,2.211,413.76,11299.99,19.15
Australia,AUS,2003,0.266,331.61,12473.61,21.73
Australia,AUS,2004,3.667,398.08,9633.24,24.95
Australia,AUS,2005,2.951,391.24,13310.9,21.06
Australia,AUS,2006,2.748,387.14,12117.67,20.76
Australia,AUS,2007,2.335,357.75,13151.29,29.63
Australia,AUS,2008,2.797,308.25,8931.07,20.22
Australia,AUS,2009,1.632,380.65,14003.95,21.3
Australia,AUS,2010,0.1,406.66,14383.38,22.87
Australia,AUS,2011,1.624,387.19,12414.02,28.92
Australia,AUS,2012,1.4,312.02,15108.62,20.89
Australia,AUS,2013,1.537,391.66,14543.71,26.01
Australia,AUS,2014,2.325,387.63,11818.02,25.2
Australia,AUS,2015,2.27,417.09,11748.9,15.35
Australia,AUS,2016,2.407,358.82,12602.24,26.73
Australia,AUS,2017,1.363,408.4,10184.02,22.97
Australia,AUS,2018,1.02,322.43,15192.52,19.54
Australia,AUS,2019,2.302,392.44,14003.52,34.01
Australia,AUS,2020,1.937,439.31,10358.69,25.05
Australia,AUS,2021,2.804,424.98,18886.11,31.35
Australia,AUS,2022,2.711,374.2,16549.66,11.45
Australia,AUS,2023,1.635,414.47,12561.19,23.4
Spain,ESP,2000,4.396,483.23,21158.91,30.67
Spain,ESP,2001,5.697,448.41,25061.61,44.92
Spain,ESP,2002,4.69,437.09,21946.88,42.42
Spain,ESP,2003,5.621,426.19,22229.73,40.93
Spain,ESP,2004,5.199,491.03,20999.75,35.13
Spain,ESP,2005,5.816,508.7,18828.1,39.82
Spain,ESP,2006,5.729,505.36,26097.17,23.03
Spain,ESP,2007,5.28,476.49,25402.01,38.23
Spain,ESP,2008,5.666,514.17,24518.26,39.16
Spain,ESP,2009,4.56,358.89,23336.38,30.66
Spain,ESP,2010,4.355,499.16,25958.36,34.17
Spain,ESP,2011,3.171,464.39,22120.47,26.35
Spain,ESP,2012,4.26,517.74,23351.95,38.13
Spain,ESP,2013,4.881,446.64,25288.9,32.31
Spain,ESP,2014,3.714,537.4,27642.46,38.63
Spain,ESP,2015,5.003,513.71,26470.07,44.15
Spain,ESP,2016,3.852,474.72,21713.7,41.01
Spain,ESP,2017,5.646,480.63,22692.31,40.5
Spain,ESP,2018,5.452,524.92,22055.0,29.82
Spain,ESP,2019,5.925,488.68,21177.43,41.57
Spain,ESP,2020,5.519,492.25,25561.05,31.18
Spain,ESP,2021,5.419,550.43,29062.02,37.5
Spain,ESP,2022,4.075,511.66,23989.91,22.97
Spain,ESP,2023,5.092,466.47,18407.11,38.3
Mexico,MEX,2000,0.994,341.51,4114.93,9.85
Mexico,MEX,2001,0.178,366.3,5371.38,10.13
Mexico,MEX,2002,0.747,300.0,3006.53,20.13
Mexico,MEX,2003,1.478,334.54,6288.36,12.91
Mexico,MEX,2004,2.609,369.19,1157.76,11.48
Mexico,MEX,2005,1.745,334.77,5824.3,25.99
Mexico,MEX,2006,1.974,331.18,9274.78,23.37
Mexico,MEX,2007,1.859,345.51,7570.08,11.63
Mexico,MEX,2008,1.692,309.74,5329.93,15.06
Mexico,MEX,2009,1.887,342.54,4839.25,27.34
Mexico,MEX,2010,1.61,300.0,9601.13,24.42
Mexico,MEX,2011,1.039,370.2,3900.19,22.75
Mexico,MEX,2012,1.082,321.26,8429.43,15.0
Mexico,MEX,2013,0.312,392.68,7284.75,21.87
Mexico,MEX,2014,1.41,362.63,7010.98,15.72
Mexico,MEX,2015,2.334,407.12,7906.51,13.67
Mexico,MEX,2016,1.752,367.03,12071.4,10.82
Mexico,MEX,2017,1.427,334.62,7044.6,19.68
Mexico,MEX,2018,0.258,415.61,9380.34,16.54
Mexico,MEX,2019,2.841,329.06,5428.83,13.07
Mexico,MEX,2020,0.347,300.0,6801.68,14.62
Mexico,MEX,2021,2.848,354.74,5590.49,11.6
Mexico,MEX,2022,0.1,325.91,6799.46,19.06
Mexico,MEX,2023,3.747,400.04,9453.5,5.0
Indonesia,IDN,2000,10.232,581.77,41544.43,59.72
Indonesia,IDN,2001,8.774,577.31,40836.45,61.89
Indonesia,IDN,2002,8.625,595.72,44332.25,67.01
Indonesia,IDN,2003,9.275,664.82,38967.62,63.17
Indonesia,IDN,2004,9.754,604.57,42208.69,56.71
Indonesia,IDN,2005,9.638,647.0,40208.54,60.9
Indonesia,IDN,2006,9.618,593.43,38490.88,65.74
Indonesia,IDN,2007,9.447,600.66,39037.51,62.02
Indonesia,IDN,2008,8.568,637.01,37925.64,71.19
Indonesia,IDN,2009,9.823,647.41,42782.45,54.06
Indonesia,IDN,2010,10.241,577.16,47193.06,65.06
Indonesia,IDN,2011,8.905,658.59,41314.77,57.29
Indonesia,IDN,2012,9.017,601.34,43855.09,57.78
Indonesia,IDN,2013,8.573,653.02,42015.15,60.19
Indonesia,IDN,2014,9.697,689.72,41771.15,62.67
Indonesia,IDN,2015,10.317,619.69,44911.48,63.42
Indonesia,IDN,2016,8.599,591.81,39474.61,53.42
Indonesia,IDN,2017,9.169,607.61,42955.06,69.82
Indonesia,IDN,2018,9.752,633.8,43601.23,57.17
Indonesia,IDN,2019,9.332,663.04,46007.12,62.27
Indonesia,IDN,2020,11.925,679.99,49176.86,64.54
Indonesia,IDN,2021,7.246,639.14,40567.18,64.52
Indonesia,IDN,2022,8.499,618.61,46283.83,62.24
Indonesia,IDN,2023,10.772,606.36,41598.97,62.04
Netherlands,NLD,2000,5.772,399.66,19106.32,31.31
Netherlands,NLD,2001,3.779,490.26,25327.22,31.13
Netherlands,NLD,2002,4.133,458.54,25154.05,35.59
Netherlands,NLD,2003,4.658,471.23,19728.55,40.67
Netherlands,NLD,2004,4.33,433.13,20225.81,33.29
Netherlands,NLD,2005,5.445,487.61,21177.33,42.62
Netherlands,NLD,2006,5.622,480.32,19516.35,31.38
Netherlands,NLD,2007,5.837,406.77,21199.91,34.13
Netherlands,NLD,2008,4.527,476.53,23909.31,25.86
Netherlands,NLD,2009,4.074,379.86,18529.43,49.09
Netherlands,NLD,2010,5.904,379.83,19020.86,49.6
Netherlands,NLD,2011,4.377,483.34,23159.44,24.66
Netherlands,NLD,2012,4.139,463.45,18961.77,34.73
Netherlands,NLD,2013,5.768,455.48,24835.78,31.97
Netherlands,NLD,2014,4.226,480.17,25531.98,35.84
Netherlands,NLD,2015,5.658,482.41,22376.45,34.9
Netherlands,NLD,2016,5.444,440.43,22360.28,37.51
Netherlands,NLD,2017,3.311,510.3,20503.26,41.6
Netherlands,NLD,2018,4.296,497.05,25351.69,38.88
Netherlands,NLD,2019,3.944,504.4,26496.88,37.03
Netherlands,NLD,2020,4.502,561.94,26809.95,40.57
Netherlands,NLD,2021,6.887,457.84,26989.97,29.03
Netherlands,NLD,2022,4.815,498.27,26350.15,50.7
Netherlands,NLD,2023,6.347,477.78,23748.46,39.99
Saudi Arabia,SAU,2000,1.535,334.62,7791.34,26.29
Saudi Arabia,SAU,2001,2.113,328.24,2670.13,13.71
Saudi Arabia,SAU,2002,2.758,354.79,3508.56,14.04
Saudi Arabia,SAU,2003,0.8,311.78,4686.36,21.39
Saudi Arabia,SAU,2004,1.47,307.58,5484.41,21.19
Saudi Arabia,SAU,2005,3.784,300.0,4050.95,6.61
Saudi Arabia,SAU,2006,0.828,346.48,4732.02,14.44
Saudi Arabia,SAU,2007,0.1,300.0,7245.58,15.15
Saudi Arabia,SAU,2008,1.428,345.5,4966.86,5.0
Saudi Arabia,SAU,2009,0.116,324.83,9335.42,16.14
Saudi Arabia,SAU,2010,1.481,385.46,6593.13,21.83
Saudi Arabia,SAU,2011,0.1,349.85,4153.7,15.47
Saudi Arabia,SAU,2012,0.977,340.68,6387.33,19.3
Saudi Arabia,SAU,2013,1.106,316.0,2828.57,7.81
Saudi Arabia,SAU,2014,0.1,347.01,7136.17,6.17
Saudi Arabia,SAU,2015,1.172,307.37,635.32,15.82
Saudi Arabia,SAU,2016,1.133,324.18,7873.45,17.27
Saudi Arabia,SAU,2017,1.943,357.02,4372.53,11.94
Saudi Arabia,SAU,2018,0.123,337.65,10372.12,18.23
Saudi Arabia,SAU,2019,1.917,358.3,12973.68,11.83
Saudi Arabia,SAU,2020,1.544,362.44,4960.32,12.74
Saudi Arabia,SAU,2021,0.1,335.03,9815.91,21.25
Saudi Arabia,SAU,2022,3.218,337.03,11075.55,13.16
Saudi Arabia,SAU,2023,1.783,357.57,8798.05,16.51
Turkey,TUR,2000,8.007,611.94,44549.87,72.47
Turkey,TUR,2001,10.426,647.21,42715.26,75.39
Turkey,TUR,2002,9.405,636.41,44656.19,65.4
Turkey,TUR,2003,9.971,652.54,42153.29,75.47
Turkey,TUR,2004,13.242,585.48,44391.61,71.36
Turkey,TUR,2005,9.767,613.64,49980.4,69.67
Turkey,TUR,2006,7.394,666.19,46289.42,55.34
Turkey,TUR,2007,9.905,716.09,48916.16,73.96
Turkey,TUR,2008,8.711,630.25,42738.2,60.52
Turkey,TUR,2009,12.721,629.18,47276.92,68.38
Turkey,TUR,2010,11.491,677.81,48355.41,60.41
Turkey,TUR,2011,11.484,666.9,49435.34,56.98
Turkey,TUR,2012,9.29,668.36,46443.38,67.5
Turkey,TUR,2013,11.188,640.21,50014.85,58.85
Turkey,TUR,2014,12.104,693.34,51613.36,69.65
Turkey,TUR,2015,9.87,694.94,47490.19,55.91
Turkey,TUR,2016,8.711,642.05,47806.07,69.44
Turkey,TUR,2017,9.087,705.76,46163.72,62.79
Turkey,TUR,2018,8.261,680.89,49911.14,67.17
Turkey,TUR,2019,10.751,655.65,50912.41,60.52
Turkey,TUR,2020,10.296,711.85,47041.27,73.35
Turkey,TUR,2021,8.155,752.67,48620.39,64.32
Turkey,TUR,2022,8.825,640.75,45019.72,66.63
Turkey,TUR,2023,8.686,692.58,48470.72,63.67
Switzerland,CHE,2000,12.234,796.26,55864.39,82.88
Switzerland,CHE,2001,14.111,743.27,59849.8,93.74
Switzerland,CHE,2002,10.79,797.67,59097.23,81.59
Switzerland,CHE,2003,13.527,730.57,59259.12,90.52
Switzerland,CHE,2004,13.5,727.11,54271.88,86.92
Switzerland,CHE,2005,13.832,773.91,60989.89,89.58
Switzerland,CHE,2006,13.076,750.03,58282.46,85.36
Switzerland,CHE,2007,13.755,758.86,57846.83,85.11
Switzerland,CHE,2008,13.274,713.01,59203.09,78.34
Switzerland,CHE,2009,12.083,764.44,62298.05,83.79
Switzerland,CHE,2010,13.542,798.63,63191.0,76.2
Switzerland,CHE,2011,14.399,756.1,64242.17,82.21
Switzerland,CHE,2012,14.056,824.9,62455.85,88.7
Switzerland,CHE,2013,13.444,765.28,60289.9,82.12
Switzerland,CHE,2014,14.481,747.04,66877.92,87.26
Switzerland,CHE,2015,13.636,834.87,61458.5,80.35
Switzerland,CHE,2016,13.882,777.97,61787.06,89.04
Switzerland,CHE,2017,12.972,827.52,59083.93,86.82
Switzerland,CHE,2018,13.147,799.85,62948.14,81.23
Switzerland,CHE,2019,12.239,843.07,60906.99,79.85
Switzerland,CHE,2020,11.449,794.35,59845.51,76.04
Switzerland,CHE,2021,11.831,745.83,61274.91,76.48
Switzerland,CHE,2022,14.425,817.8,59984.68,95.68
Switzerland,CHE,2023,14.511,821.03,66981.03,84.95
Poland,POL,2000,7.466,608.06,31864.21,55.33
Poland,POL,2001,7.396,518.02,28402.58,49.31
Poland,POL,2002,7.228,626.9,29362.54,45.75
Poland,POL,2003,7.246,544.84,31465.33,38.84
Poland,POL,2004,8.785,592.46,34490.07,50.36
Poland,POL,2005,8.021,516.24,33090.31,49.92
Poland,POL,2006,8.105,578.13,30457.01,48.77
Poland,POL,2007,8.513,513.06,32877.89,43.01
Poland,POL,2008,8.358,552.65,30192.29,55.09
Poland,POL,2009,4.994,578.83,32117.7,44.09
Poland,POL,2010,7.807,596.91,30556.3,49.51
Poland,POL,2011,6.817,609.28,33181.93,40.52
Poland,POL,2012,8.165,562.05,35369.49,48.14
Poland,POL,2013,7.033,571.09,30728.69,49.52
Poland,POL,2014,7.364,519.84,37040.76,43.49
Poland,POL,2015,7.058,557.89,26696.88,52.15
Poland,POL,2016,6.034,508.79,32803.3,56.31
Poland,POL,2017,8.281,617.62,31429.5,46.5
Poland,POL,2018,6.732,600.19,31872.28,39.13
Poland,POL,2019,8.386,579.42,35274.69,50.5
Poland,POL,2020,8.661,610.56,32669.94,49.81
Poland,POL,2021,6.292,521.11,34367.53,52.97
Poland,POL,2022,11.216,517.74,32997.43,39.63
Poland,POL,2023,6.92,559.28,40206.42,44.37
Sweden,SWE,2000,8.154,608.98,47319.57,77.16
Sweden,SWE,2001,9.06,686.79,43526.46,71.75
Sweden,SWE,2002,8.042,643.53,49919.17,77.63
Sweden,SWE,2003,10.101,646.71,48199.83,60.84
Sweden,SWE,2004,8.66,645.88,49608.78,68.78
Sweden,SWE,2005,9.846,629.85,44082.01,68.02
Sweden,SWE,2006,11.175,715.68,42953.18,65.31
Sweden,SWE,2007,11.442,665.38,44321.51,71.97
Sweden,SWE,2008,6.853,653.0,49400.05,74.99
Sweden,SWE,2009,12.366,694.43,46509.71,82.11
Sweden,SWE,2010,12.003,677.11,45477.06,62.43
Sweden,SWE,2011,10.329,653.14,45820.25,66.18
Sweden,SWE,2012,11.337,641.23,45964.95,75.53
Sweden,SWE,2013,11.387,659.49,51330.14,68.92
Sweden,SWE,2014,9.623,703.33,46370.59,65.24
Sweden,SWE,2015,10.667,662.69,44529.35,76.91
Sweden,SWE,2016,12.159,643.91,47261.35,64.47
Sweden,SWE,2017,9.973,686.21,43948.05,81.3
Sweden,SWE,2018,9.253,677.73,49681.33,69.48
Sweden,SWE,2019,9.346,695.07,52308.6,70.73
Sweden,SWE,2020,9.937,701.16,48719.22,65.23
Sweden,SWE,2021,9.921,719.74,47970.21,64.74
Sweden,SWE,2022,10.737,703.96,46833.4,64.81
Sweden,SWE,2023,8.106,755.04,47589.03,70.46
Belgium,BEL,2000,7.673,410.73,32457.96,45.36
Belgium,BEL,2001,8.01,519.26,30043.51,48.86
Belgium,BEL,2002,8.978,500.42,29906.58,46.74
Belgium,BEL,2003,4.586,600.65,35475.71,42.75
Belgium,BEL,2004,6.944,532.8,27332.73,48.06
Belgium,BEL,2005,7.881,588.07,32734.34,43.32
Belgium,BEL,2006,7.231,537.19,28317.87,45.58
Belgium,BEL,2007,6.249,562.27,27083.14,44.15
Belgium,BEL,2008,6.28,531.31,30484.23,39.0
Belgium,BEL,2009,7.037,565.61,30514.05,52.37
Belgium,BEL,2010,6.425,497.58,29147.22,43.0
Belgium,BEL,2011,6.116,551.03,29866.66,39.18
Belgium,BEL,2012,7.525,556.82,29918.93,50.65
Belgium,BEL,2013,7.205,540.34,32551.51,46.43
Belgium,BEL,2014,6.772,514.65,31946.98,48.96
Belgium,BEL,2015,6.835,503.77,32690.97,38.02
Belgium,BEL,2016,8.766,525.59,32446.26,47.4
Belgium,BEL,2017,5.739,625.32,34188.89,49.3
Belgium,BEL,2018,8.838,564.82,29395.11,42.92
Belgium,BEL,2019,9.175,550.86,30318.92,51.31
Belgium,BEL,2020,4.733,606.28,30445.43,59.5
Belgium,BEL,2021,4.742,618.39,35022.76,47.7
Belgium,BEL,2022,5.164,522.72,32720.82,49.73
Belgium,BEL,2023,6.115,604.77,34723.79,45.83
Argentina,ARG,2000,3.349,459.83,10475.62,31.28
Argentina,ARG,2001,2.268,458.27,16000.44,31.13
Argentina,ARG,2002,2.264,482.21,14217.07,33.97
Argentina,ARG,2003,3.33,420.24,15329.36,35.02
Argentina,ARG,2004,4.729,357.76,15287.05,33.16
Argentina,ARG,2005,2.097,372.93,16269.18,15.68
Argentina,ARG,2006,1.203,366.49,16126.07,34.59
Argentina,ARG,2007,3.104,403.37,17069.61,12.5
Argentina,ARG,2008,3.662,392.09,17614.93,12.01
Argentina,ARG,2009,1.614,391.29,17940.9,24.91
Argentina,ARG,2010,2.761,456.54,14179.91,35.12
Argentina,ARG,2011,3.263,451.55,16670.17,34.58
Argentina,ARG,2012,2.79,425.53,13134.66,35.32
Argentina,ARG,2013,1.715,422.87,19940.22,29.51
Argentina,ARG,2014,2.697,481.08,12205.02,26.76
Argentina,ARG,2015,4.15,393.9,14838.08,25.99
Argentina,ARG,2016,4.293,391.63,16820.58,32.69
Argentina,ARG,2017,3.14,472.45,16365.97,31.62
Argentina,ARG,2018,2.939,441.75,13004.88,27.88
Argentina,ARG,2019,4.004,435.08,17512.82,23.55
Argentina,ARG,2020,1.573,475.13,18832.72,22.26
Argentina,ARG,2021,2.696,395.07,15737.6,33.14
Argentina,ARG,2022,2.876,438.31,21376.82,31.76
Argentina,ARG,2023,0.479,398.97,12021.84,20.55
Thailand,THA,2000,0.1,421.85,7578.79,18.72
Thailand,THA,2001,4.018,385.81,11219.17,22.19
Thailand,THA,2002,1.078,308.39,10779.86,10.52
Thailand,THA,2003,2.64,386.25,11449.6,15.93
Thailand,THA,2004,1.46,382.68,7759.61,15.1
Thailand,THA,2005,1.224,353.53,9094.93,13.87
Thailand,THA,2006,2.217,432.42,11661.54,22.56
Thailand,THA,2007,1.247,392.09,12054.67,31.54
Thailand,THA,2008,2.9,403.25,8994.36,9.47
Thailand,THA,2009,2.423,383.85,10164.44,23.03
Thailand,THA,2010,2.689,382.91,13129.62,20.95
Thailand,THA,2011,3.163,385.61,8866.05,27.87
Thailand,THA,2012,2.766,432.49,12926.58,26.4
Thailand,THA,2013,3.135,379.27,14100.68,15.58
Thailand,THA,2014,3.525,408.59,12805.65,26.15
Thailand,THA,2015,1.849,386.22,14765.32,19.57
Thailand,THA,2016,3.862,327.7,12944.65,21.48
Thailand,THA,2017,2.22,303.77,11415.35,20.03
Thailand,THA,2018,2.232,370.05,10384.16,17.69
Thailand,THA,2019,2.449,368.71,14230.38,28.3
Thailand,THA,2020,2.615,408.68,12883.11,21.27
Thailand,THA,2021,2.445,377.52,12980.99,19.52
Thailand,THA,2022,0.52,427.22,17187.65,12.84
Thailand,THA,2023,2.044,386.3,13170.19,25.13
Ireland,IRL,2000,7.605,509.62,26255.28,33.49
Ireland,IRL,2001,7.592,479.96,25899.7,28.57
Ireland,IRL,2002,7.221,512.19,20400.06,46.47
Ireland,IRL,2003,4.392,555.56,23985.22,49.67
Ireland,IRL,2004,6.637,491.82,23413.52,33.03
Ireland,IRL,2005,6.034,492.91,30008.06,48.8
Ireland,IRL,2006,7.838,543.87,24526.6,37.89
Ireland,IRL,2007,6.337,446.43,30106.8,34.46
Ireland,IRL,2008,8.363,539.47,29213.66,50.35
Ireland,IRL,2009,6.549,472.8,26616.73,41.46
Ireland,IRL,2010,8.495,436.14,31082.96,45.02
Ireland,IRL,2011,7.427,538.96,25346.45,42.51
Ireland,IRL,2012,7.117,504.29,23140.59,44.81
Ireland,IRL,2013,6.757,561.67,27335.54,46.73
Ireland,IRL,2014,3.83,499.42,26874.13,40.27
Ireland,IRL,2015,6.404,511.34,30413.11,48.49
Ireland,IRL,2016,4.24,536.26,29180.63,39.89
Ireland,IRL,2017,8.146,524.73,32739.03,37.49
Ireland,IRL,2018,6.58,509.0,29181.24,47.2
Ireland,IRL,2019,5.854,560.17,30276.45,40.68
Ireland,IRL,2020,6.076,547.35,24548.72,41.42
Ireland,IRL,2021,5.586,525.02,28641.07,38.66
Ireland,IRL,2022,4.945,544.56,29891.0,39.42
Ireland,IRL,2023,5.716,529.09,28954.38,45.79
Norway,NOR,2000,2.193,307.69,4024.73,15.88
Norway,NOR,2001,2.241,401.57,10540.16,13.06
Norway,NOR,2002,0.177,368.89,11139.96,11.1
Norway,NOR,2003,0.1,410.52,12469.75,11.34
Norway,NOR,2004,2.803,363.89,11703.44,19.12
Norway,NOR,2005,1.436,366.05,10661.44,25.84
Norway,NOR,2006,2.15,389.98,9704.26,16.57
Norway,NOR,2007,1.535,380.87,13394.01,27.16
Norway,NOR,2008,1.746,448.02,6244.89,11.88
Norway,NOR,2009,2.253,354.85,14485.72,23.8
Norway,NOR,2010,1.184,382.86,12855.21,20.81
Norway,NOR,2011,3.915,382.38,9020.4,24.03
Norway,NOR,2012,2.933,400.82,10759.22,13.02
Norway,NOR,2013,3.416,465.96,10520.82,16.47
Norway,NOR,2014,3.001,355.3,9082.41,29.14
Norway,NOR,2015,1.428,384.39,12219.76,21.47
Norway,NOR,2016,3.925,312.44,8887.95,13.46
Norway,NOR,2017,3.682,404.47,10300.09,21.03
Norway,NOR,2018,1.147,372.25,8301.8,19.26
Norway,NOR,2019,1.467,300.0,14539.95,16.59
Norway,NOR,2020,0.263,405.9,8492.0,11.69
Norway,NOR,2021,1.87,439.23,13935.49,12.19
Norway,NOR,2022,2.101,423.3,10217.85,18.88
Norway,NOR,2023,3.816,388.0,12938.27,15.0
Austria,AUT,2000,1.522,318.38,6922.93,14.14
Austria,AUT,2001,0.875,368.83,9801.93,24.22
Austria,AUT,2002,0.1,381.93,13222.68,32.61
Austria,AUT,2003,3.479,439.18,11471.87,28.43
Austria,AUT,2004,2.618,362.83,10291.64,16.43
Austria,AUT,2005,2.222,300.0,11037.09,28.76
Austria,AUT,2006,1.854,435.08,10362.07,26.7
Austria,AUT,2007,2.449,409.6,8104.54,19.37
Austria,AUT,2008,2.426,368.33,4039.42,25.66
Austria,AUT,2009,3.666,449.76,14550.42,17.31
Austria,AUT,2010,2.794,405.7,10059.94,30.46
Austria,AUT,2011,3.963,460.5,17194.34,23.85
Austria,AUT,2012,1.994,440.6,14543.09,17.49
Austria,AUT,2013,0.512,353.08,9425.14,22.19
Austria,AUT,2014,3.012,357.63,9018.22,21.78
Austria,AUT,2015,3.208,434.14,12765.58,29.8
Austria,AUT,2016,2.602,444.08,12065.37,21.7
Austria,AUT,2017,4.599,358.45,15693.16,18.99
Austria,AUT,2018,1.718,413.15,9167.99,32.84
Austria,AUT,2019,0.46,402.59,11304.92,25.57
Austria,AUT,2020,1.656,417.15,10617.61,8.41
Austria,AUT,2021,3.228,397.21,13062.97,30.02
Austria,AUT,2022,2.505,425.74,17689.93,12.12
Austria,AUT,2023,1.932,404.32,13587.88,24.49
Israel,ISR,2000,1.526,350.9,13468.27,21.89
Israel,ISR,2001,1.331,323.4,9299.35,15.33
Israel,ISR,2002,1.213,441.75,14032.46,26.0
Israel,ISR,2003,2.72,331.23,13369.04,37.93
Israel,ISR,2004,1.855,376.18,13052.03,10.59
Israel,ISR,2005,1.551,454.24,12709.26,11.11
Israel,ISR,2006,2.013,418.23,10046.43,17.8
Israel,ISR,2007,0.861,396.71,11928.79,21.42
Israel,ISR,2008,1.307,367.55,10811.65,28.37
Israel,ISR,2009,2.844,321.46,10617.76,27.08
Israel,ISR,2010,1.748,373.0,10412.6,20.65
Israel,ISR,2011,3.535,389.9,15343.68,16.91
Israel,ISR,2012,1.561,428.59,11791.24,28.8
Israel,ISR,2013,4.531,385.24,11353.42,20.11
Israel,ISR,2014,2.799,419.38,13461.66,24.26
Israel,ISR,2015,2.945,353.53,13130.86,18.33
Israel,ISR,2016,0.361,448.44,15385.54,30.97
Israel,ISR,2017,1.432,397.14,12592.39,23.86
Israel,ISR,2018,1.638,440.72,13960.98,32.69
Israel,ISR,2019,2.31,407.51,15629.64,20.89
Israel,ISR,2020,2.276,411.53,13538.41,18.88
Israel,ISR,2021,2.914,377.67,14751.83,21.39
Israel,ISR,2022,3.714,442.86,16231.42,24.64
Israel,ISR,2023,3.34,398.25,15750.59,27.47
Nigeria,NGA,2000,9.903,597.58,32140.09,53.36
Nigeria,NGA,2001,6.456,570.95,34795.96,56.25
Nigeria,NGA,2002,8.761,593.85,36481.15,50.71
Nigeria,NGA,2003,7.676,603.77,37263.15,58.02
Nigeria,NGA,2004,8.601,567.47,36955.83,53.75
Nigeria,NGA,2005,6.714,582.49,38670.64,57.1
Nigeria,NGA,2006,9.162,554.33,37675.4,59.68
Nigeria,NGA,2007,8.091,570.39,35100.86,50.94
Nigeria,NGA,2008,6.949,599.99,39050.71,50.56
Nigeria,NGA,2009,8.908,649.83,40592.93,54.23
Nigeria,NGA,2010,8.353,616.63,36697.64,45.83
Nigeria,NGA,2011,9.146,645.79,40551.13,48.95
Nigeria,NGA,2012,10.177,534.97,36553.31,53.35
Nigeria,NGA,2013,7.177,669.73,44152.51,51.25
Nigeria,NGA,2014,7.736,541.19,39658.67,52.27
Nigeria,NGA,2015,7.92,609.54,43295.03,51.71
Nigeria,NGA,2016,8.201,587.83,41076.15,51.66
Nigeria,NGA,2017,7.659,571.65,35221.09,53.92
Nigeria,NGA,2018,7.675,604.71,38640.29,63.59
Nigeria,NGA,2019,8.567,604.4,41732.72,53.26
Nigeria,NGA,2020,8.628,611.15,32427.96,45.82
Nigeria,NGA,2021,8.667,601.91,40959.12,53.99
Nigeria,NGA,2022,9.464,620.96,43011.89,62.0
Nigeria,NGA,2023,8.804,588.48,37259.53,53.3
Egypt,EGY,2000,2.806,447.85,12952.99,20.64
Egypt,EGY,2001,2.965,480.51,11638.92,18.27
Egypt,EGY,2002,2.943,383.57,9473.69,32.15
Egypt,EGY,2003,2.634,406.51,16202.11,28.49
Egypt,EGY,2004,3.964,477.37,9873.29,31.65
Egypt,EGY,2005,2.627,454.23,11733.69,20.74
Egypt,EGY,2006,1.885,408.46,14495.05,21.08
Egypt,EGY,2007,2.713,378.22,12333.82,18.12
Egypt,EGY,2008,4.167,449.83,13212.37,20.15
Egypt,EGY,2009,6.094,345.73,17510.24,34.25
Egypt,EGY,2010,1.498,429.25,13889.31,26.81
Egypt,EGY,2011,2.617,387.95,15003.39,23.05
Egypt,EGY,2012,1.449,388.44,12807.12,31.59
Egypt,EGY,2013,4.189,377.0,13480.09,28.67
Egypt,EGY,2014,5.504,453.14,17995.54,25.51
Egypt,EGY,2015,2.376,431.87,12514.18,20.71
Egypt,EGY,2016,2.176,453.99,16581.93,34.1
Egypt,EGY,2017,3.642,416.46,14031.99,24.12
Egypt,EGY,2018,2.431,458.76,12239.93,30.92
Egypt,EGY,2019,4.214,389.33,13693.49,28.49
Egypt,EGY,2020,2.034,441.33,15931.3,27.11
Egypt,EGY,2021,2.177,417.13,17523.06,26.87
Egypt,EGY,2022,1.938,415.21,17238.14,26.53
Egypt,EGY,2023,3.231,396.61,16391.2,36.1
South Africa,ZAF,2000,14.878,782.44,53205.29,73.08
South Africa,ZAF,2001,12.195,804.95,54318.89,79.02
South Africa,ZAF,2002,13.007,714.02,50295.18,93.38
South Africa,ZAF,2003,10.654,675.74,54154.09,78.59
South Africa,ZAF,2004,12.893,757.54,57761.03,86.66
South Africa,ZAF,2005,11.716,737.21,53191.36,77.17
South Africa,ZAF,2006,12.307,725.81,52650.17,76.57
South Africa,ZAF,2007,13.827,753.33,54937.1,86.67
South Africa,ZAF,2008,11.908,696.35,57417.22,77.16
South Africa,ZAF,2009,10.427,753.74,54044.71,88.96
South Africa,ZAF,2010,12.266,759.8,58849.55,86.18
South Africa,ZAF,2011,12.27,783.1,57758.92,89.54
South Africa,ZAF,2012,13.848,763.51,59126.54,76.29
South Africa,ZAF,2013,12.272,758.23,53464.48,77.62
South Africa,ZAF,2014,12.657,754.13,59597.93,76.84
South Africa,ZAF,2015,13.389,774.15,58933.87,75.82
South Africa,ZAF,2016,13.351,815.25,60165.19,73.95
South Africa,ZAF,2017,11.663,739.05,55073.38,78.38
South Africa,ZAF,2018,12.583,763.65,58833.9,77.36
South Africa,ZAF,2019,9.926,782.68,57242.1,78.73
South Africa,ZAF,2020,11.128,783.53,58320.59,72.43
South Africa,ZAF,2021,13.939,690.75,59234.43,80.16
South Africa,ZAF,2022,11.817,720.67,61845.25,64.36
South Africa,ZAF,2023,9.985,753.58,56133.14,76.44
Denmark,DNK,2000,6.188,452.12,15812.39,35.57
Denmark,DNK,2001,6.43,489.96,25100.17,31.19
Denmark,DNK,2002,2.919,475.84,19155.71,38.61
Denmark,DNK,2003,5.627,511.6,20492.68,42.36
Denmark,DNK,2004,6.545,503.04,19590.87,35.55
Denmark,DNK,2005,6.299,442.39,19801.93,51.89
Denmark,DNK,2006,5.917,431.91,19370.1,31.26
Denmark,DNK,2007,4.783,486.55,24544.02,38.43
Denmark,DNK,2008,2.704,465.28,23122.54,36.85
Denmark,DNK,2009,3.653,416.57,26278.6,38.34
Denmark,DNK,2010,3.973,488.57,22616.35,42.76
Denmark,DNK,2011,5.196,499.88,22811.03,36.83
Denmark,DNK,2012,3.384,483.31,24434.78,42.31
Denmark,DNK,2013,4.027,404.35,25086.92,42.04
Denmark,DNK,2014,4.642,512.42,18648.2,43.82
Denmark,DNK,2015,5.181,455.43,23386.57,35.6
Denmark,DNK,2016,3.646,559.65,21536.22,22.32
Denmark,DNK,2017,4.456,462.88,27691.51,33.63
Denmark,DNK,2018,3.616,457.8,22487.04,36.17
Denmark,DNK,2019,5.391,511.48,23080.12,30.22
Denmark,DNK,2020,3.622,472.6,24530.3,39.92
Denmark,DNK,2021,3.785,474.26,24129.6,29.61
Denmark,DNK,2022,3.502,501.52,29578.74,37.51
Denmark,DNK,2023,6.461,497.0,27435.78,26.52
Singapore,SGP,2000,5.292,475.55,16459.82,16.59
Singapore,SGP,2001,3.29,432.44,20053.09,30.56
Singapore,SGP,2002,3.78,433.44,23275.42,26.92
Singapore,SGP,2003,1.969,485.56,25132.13,30.74
Singapore,SGP,2004,5.969,516.5,23455.07,34.5
Singapore,SGP,2005,4.604,503.42,17479.24,37.04
Singapore,SGP,2006,5.397,426.82,22038.05,37.99
Singapore,SGP,2007,3.311,492.06,21591.04,35.02
Singapore,SGP,2008,4.892,416.15,22894.74,41.03
Singapore,SGP,2009,5.635,476.98,22245.26,34.3
Singapore,SGP,2010,4.942,438.3,22432.76,34.62
Singapore,SGP,2011,5.91,500.51,24598.89,33.58
Singapore,SGP,2012,5.478,508.05,18083.62,32.82
Singapore,SGP,2013,6.197,432.69,25086.34,34.63
Singapore,SGP,2014,4.682,462.94,21800.58,36.56
Singapore,SGP,2015,5.201,470.97,24167.52,36.68
Singapore,SGP,2016,5.69,459.37,22601.8,39.78
Singapore,SGP,2017,2.607,520.96,24537.48,33.24
Singapore,SGP,2018,5.816,568.88,21677.76,36.16
Singapore,SGP,2019,6.287,530.29,26704.94,42.16
Singapore,SGP,2020,3.806,474.98,24260.03,39.64
Singapore,SGP,2021,4.395,479.18,24692.96,45.33
Singapore,SGP,2022,5.595,559.2,27645.91,36.97
Singapore,SGP,2023,3.447,460.73,25374.61,39.67
Philippines,PHL,2000,8.546,554.09,29053.25,45.48
Philippines,PHL,2001,8.396,513.32,36590.07,52.02
Philippines,PHL,2002,9.976,510.23,34723.01,48.4
Philippines,PHL,2003,6.482,601.16,33603.31,54.43
Philippines,PHL,2004,6.295,600.8,30156.93,49.7
Philippines,PHL,2005,9.57,580.67,33024.82,46.76
Philippines,PHL,2006,7.406,623.48,35280.27,46.17
Philippines,PHL,2007,6.914,621.74,28282.26,43.46
Philippines,PHL,2008,8.311,522.02,29385.43,55.82
Philippines,PHL,2009,5.713,563.06,34585.47,45.09
Philippines,PHL,2010,5.931,579.79,30362.53,45.19
Philippines,PHL,2011,7.264,502.6,32844.28,48.83
Philippines,PHL,2012,5.648,533.65,36437.43,47.23
Philippines,PHL,2013,4.975,565.02,30905.59,45.84
Philippines,PHL,2014,6.235,584.83,31503.8,39.05
Philippines,PHL,2015,6.882,577.45,33494.1,45.8
Philippines,PHL,2016,6.14,571.52,32493.65,47.5
Philippines,PHL,2017,7.155,523.32,36222.59,38.74
Philippines,PHL,2018,8.431,535.91,35090.21,40.61
Philippines,PHL,2019,5.971,614.22,35799.5,44.3
Philippines,PHL,2020,7.828,555.77,32507.72,46.07
Philippines,PHL,2021,9.13,503.43,32239.73,59.55
Philippines,PHL,2022,8.105,547.03,36616.63,55.16
Philippines,PHL,2023,8.686,578.14,34754.33,39.63
Malaysia,MYS,2000,10.011,683.68,52213.97,66.94
Malaysia,MYS,2001,13.472,653.45,47730.02,76.07
Malaysia,MYS,2002,11.419,716.79,52726.95,73.57
Malaysia,MYS,2003,9.656,687.36,49245.87,79.61
Malaysia,MYS,2004,13.76,662.67,45880.48,73.94
Malaysia,MYS,2005,9.498,723.33,51031.76,64.76
Malaysia,MYS,2006,11.256,670.71,49649.16,76.03
Malaysia,MYS,2007,10.153,732.02,54408.21,70.87
Malaysia,MYS,2008,9.853,669.35,49491.86,83.11
Malaysia,MYS,2009,11.927,698.39,51309.74,76.32
Malaysia,MYS,2010,11.829,681.51,54254.11,67.65
Malaysia,MYS,2011,11.531,710.83,51155.56,73.78
Malaysia,MYS,2012,11.564,689.26,53809.45,68.57
Malaysia,MYS,2013,10.505,679.51,59280.67,78.42
Malaysia,MYS,2014,11.53,743.67,51079.03,70.7
Malaysia,MYS,2015,10.875,686.46,50444.72,72.07
Malaysia,MYS,2016,10.033,711.55,50420.82,77.66
Malaysia,MYS,2017,10.434,692.02,55042.84,74.19
Malaysia,MYS,2018,9.663,770.01,56011.77,79.16
Malaysia,MYS,2019,11.952,717.81,52868.38,70.23
Malaysia,MYS,2020,13.1,770.42,55937.93,62.06
Malaysia,MYS,2021,10.428,654.16,52795.95,58.73
Malaysia,MYS,2022,10.827,730.87,54669.67,68.37
Malaysia,MYS,2023,10.051,689.1,54502.99,65.91
Vietnam,VNM,2000,12.412,728.67,55972.82,84.98
Vietnam,VNM,2001,12.946,801.12,59064.58,83.93
Vietnam,VNM,2002,12.43,693.06,57302.37,79.66
Vietnam,VNM,2003,12.61,751.53,55727.13,75.93
Vietnam,VNM,2004,9.73,731.9,56800.51,73.47
Vietnam,VNM,2005,9.961,793.79,57574.28,76.63
Vietnam,VNM,2006,12.369,787.61,58604.54,77.75
Vietnam,VNM,2007,13.904,786.05,60749.09,79.04
Vietnam,VNM,2008,14.231,691.41,60657.97,81.45
Vietnam,VNM,2009,10.697,727.71,58369.98,82.49
Vietnam,VNM,2010,13.587,786.69,59600.04,84.06
Vietnam,VNM,2011,11.631,790.26,56086.0,88.49
Vietnam,VNM,2012,13.913,762.93,58359.43,87.86
Vietnam,VNM,2013,13.789,737.29,60669.89,76.96
Vietnam,VNM,2014,12.761,717.43,60886.96,76.92
Vietnam,VNM,2015,13.112,807.65,61265.96,82.84
Vietnam,VNM,2016,12.918,809.16,61025.48,78.85
Vietnam,VNM,2017,13.965,706.17,61057.12,77.59
Vietnam,VNM,2018,12.375,804.59,59012.29,85.73
Vietnam,VNM,2019,13.247,777.69,62634.05,81.13
Vietnam,VNM,2020,12.521,736.06,60249.68,74.12
Vietnam,VNM,2021,13.19,706.34,57887.68,92.0
Vietnam,VNM,2022,14.224,811.53,59168.25,74.65
Vietnam,VNM,2023,12.763,813.73,58022.94,74.1
Bangladesh,BGD,2000,7.818,617.2,36719.28,41.75
Bangladesh,BGD,2001,8.781,595.38,37680.31,65.96
Bangladesh,BGD,2002,10.037,613.62,38793.06,58.46
Bangladesh,BGD,2003,7.649,562.19,44174.47,62.09
Bangladesh,BGD,2004,7.558,600.7,42142.86,68.97
Bangladesh,BGD,2005,10.347,620.9,37200.07,55.75
Bangladesh,BGD,2006,9.852,590.96,37799.58,64.76
Bangladesh,BGD,2007,8.809,677.55,39613.13,66.16
Bangladesh,BGD,2008,10.654,694.63,38622.73,57.63
Bangladesh,BGD,2009,10.634,662.69,43462.99,43.51
Bangladesh,BGD,2010,9.336,634.54,41848.93,59.71
Bangladesh,BGD,2011,9.418,661.77,40844.0,59.7
Bangladesh,BGD,2012,9.387,632.79,43246.83,69.6
Bangladesh,BGD,2013,8.857,566.42,39486.09,59.69
Bangladesh,BGD,2014,9.676,624.53,42550.03,73.43
Bangladesh,BGD,2015,8.615,656.28,42923.91,50.09
Bangladesh,BGD,2016,5.674,605.23,35348.76,61.48
Bangladesh,BGD,2017,8.927,578.72,40310.9,53.97
Bangladesh,BGD,2018,7.928,650.76,42568.8,56.98
Bangladesh,BGD,2019,9.028,578.05,42153.01,49.82
Bangladesh,BGD,2020,7.046,613.37,43203.98,54.92
Bangladesh,BGD,2021,8.978,667.3,40619.41,52.66
Bangladesh,BGD,2022,8.367,653.13,46260.18,49.08
Bangladesh,BGD,2023,9.213,624.79,41249.94,62.05
Chile,CHL,2000,2.467,312.06,11305.83,20.0
Chile,CHL,2001,1.47,372.03,16158.23,21.62
Chile,CHL,2002,2.707,301.46,9615.78,19.09
Chile,CHL,2003,0.904,341.8,9744.39,26.23
Chile,CHL,2004,0.1,388.31,12756.17,23.85
Chile,CHL,2005,3.256,351.84,5669.1,24.9
Chile,CHL,2006,2.889,422.24,11475.27,8.84
Chile,CHL,2007,2.026,376.14,9582.94,17.25
Chile,CHL,2008,1.75,462.92,8105.29,35.06
Chile,CHL,2009,2.493,403.2,8001.37,15.42
Chile,CHL,2010,1.204,380.98,9859.61,19.42
Chile,CHL,2011,3.69,407.71,5290.16,23.68
Chile,CHL,2012,3.588,407.99,17036.98,28.38
Chile,CHL,2013,0.557,400.25,4672.71,13.87
Chile,CHL,2014,2.998,375.78,9206.73,23.56
Chile,CHL,2015,3.157,413.32,11866.62,23.61
Chile,CHL,2016,2.249,363.46,7760.72,25.35
Chile,CHL,2017,0.338,390.24,8924.45,27.11
Chile,CHL,2018,0.594,344.83,13025.68,23.28
Chile,CHL,2019,3.161,354.86,16030.72,17.7
Chile,CHL,2020,2.403,418.46,14825.62,9.95
Chile,CHL,2021,2.709,413.42,14644.52,22.13
Chile,CHL,2022,3.295,435.06,10918.5,14.5
Chile,CHL,2023,2.372,403.07,16575.11,19.9
Finland,FIN,2000,10.759,677.24,41432.52,68.75
Finland,FIN,2001,8.518,661.68,42262.83,66.18
Finland,FIN,2002,7.616,559.77,41591.61,58.7
Finland,FIN,2003,8.81,609.99,43187.13,67.26
Finland,FIN,2004,10.917,681.05,40935.63,62.81
Finland,FIN,2005,9.224,657.38,44380.72,67.85
Finland,FIN,2006,9.703,603.74,45193.24,63.54
Finland,FIN,2007,8.802,622.85,44968.94,63.69
Finland,FIN,2008,8.289,597.71,45972.21,59.56
Finland,FIN,2009,11.317,579.2,42336.28,61.9
Finland,FIN,2010,10.38,699.09,42666.37,59.47
Finland,FIN,2011,11.257,642.14,43952.07,61.68
Finland,FIN,2012,11.289,579.2,40109.31,57.95
Finland,FIN,2013,9.019,648.72,45563.9,61.12
Finland,FIN,2014,9.055,596.83,48020.73,68.12
Finland,FIN,2015,10.59,694.92,41028.34,64.31
Finland,FIN,2016,10.368,600.72,43152.22,79.17
Finland,FIN,2017,10.068,587.52,44948.76,67.84
Finland,FIN,2018,8.622,630.14,42463.31,59.49
Finland,FIN,2019,8.036,623.91,44501.44,63.73
Finland,FIN,2020,9.619,640.07,44649.11,53.56
Finland,FIN,2021,9.807,642.1,45937.69,65.08
Finland,FIN,2022,10.799,661.55,48281.47,60.75
Finland,FIN,2023,10.448,656.07,44942.06,66.47
Romania,ROU,2000,7.677,494.23,30550.04,42.78
Romania,ROU,2001,6.842,498.65,28096.53,55.22
Romania,ROU,2002,8.033,598.56,28146.79,39.16
Romania,ROU,2003,7.739,504.7,29777.16,42.02
Romania,ROU,2004,8.345,531.01,26855.22,46.8
Romania,ROU,2005,5.127,559.02,32078.04,42.56
Romania,ROU,2006,8.987,525.52,31272.0,40.58
Romania,ROU,2007,6.188,556.5,29156.6,30.6
Romania,ROU,2008,7.615,510.03,36440.37,40.43
Romania,ROU,2009,6.052,492.13,29619.99,44.09
Romania,ROU,2010,5.212,537.2,31620.08,44.81
Romania,ROU,2011,7.488,598.04,35742.93,51.93
Romania,ROU,2012,7.715,572.84,37451.38,38.56
Romania,ROU,2013,5.973,553.01,29691.65,41.96
Romania,ROU,2014,5.992,505.63,30441.0,49.99
Romania,ROU,2015,7.705,584.66,37311.87,38.21
Romania,ROU,2016,7.29,555.72,33293.21,45.79
Romania,ROU,2017,7.122,561.22,37324.08,36.18
Romania,ROU,2018,7.608,600.9,33076.11,35.02
Romania,ROU,2019,6.761,622.6,32392.52,49.89
Romania,ROU,2020,7.891,557.87,37738.15,50.42
Romania,ROU,2021,6.284,577.86,35427.41,45.26
Romania,ROU,2022,8.435,508.5,31902.01,48.01
Romania,ROU,2023,7.006,621.98,37197.76,40.07
Czech Republic,CZE,2000,10.519,726.34,56088.74,78.96
Czech Republic,CZE,2001,11.969,728.62,56574.28,74.31
Czech Republic,CZE,2002,14.43,817.87,57416.84,85.89
Czech Republic,CZE,2003,10.73,749.1,58789.47,79.76
Czech Republic,CZE,2004,14.375,760.46,54851.66,93.81
Czech Republic,CZE,2005,12.971,698.0,57610.32,82.51
Czech Republic,CZE,2006,12.975,756.99,59319.79,78.18
Czech Republic,CZE,2007,10.485,776.93,57016.84,80.07
Czech Republic,CZE,2008,12.417,817.69,59690.26,89.09
Czech Republic,CZE,2009,12.225,748.08,62369.48,80.88
Czech Republic,CZE,2010,11.967,801.05,58113.46,91.2
Czech Republic,CZE,2011,13.524,719.93,56490.36,89.36
Czech Republic,CZE,2012,15.24,780.71,59112.8,89.44
Czech Republic,CZE,2013,14.209,751.7,58917.39,86.95
Czech Republic,CZE,2014,12.804,756.65,60060.43,81.09
Czech Republic,CZE,2015,13.214,748.36,58411.98,78.1
Czech Republic,CZE,2016,12.175,697.21,59805.26,88.56
Czech Republic,CZE,2017,11.915,792.73,57284.66,86.63
Czech Republic,CZE,2018,12.961,761.53,58966.87,73.91
Czech Republic,CZE,2019,12.463,820.24,62313.78,85.12
Czech Republic,CZE,2020,11.565,772.73,62004.74,91.54
Czech Republic,CZE,2021,14.862,755.9,59250.08,85.63
Czech Republic,CZE,2022,13.859,744.55,61048.87,99.35
Czech Republic,CZE,2023,13.761,797.2,62780.48,80.0
Portugal,PRT,2000,0.442,317.45,3640.46,12.64
Portugal,PRT,2001,0.805,322.45,3765.73,16.21
Portugal,PRT,2002,2.959,338.18,5029.39,15.21
Portugal,PRT,2003,0.595,345.97,10533.55,22.85
Portugal,PRT,2004,1.127,300.0,4981.42,13.26
Portugal,PRT,2005,0.733,304.82,9370.52,22.36
Portugal,PRT,2006,0.224,331.54,6514.08,16.86
Portugal,PRT,2007,0.273,311.97,5628.72,9.87
Portugal,PRT,2008,2.091,372.84,3394.5,20.37
Portugal,PRT,2009,0.863,332.96,6061.05,20.88
Portugal,PRT,2010,0.1,324.75,1673.34,22.91
Portugal,PRT,2011,1.4,300.0,5203.98,12.53
Portugal,PRT,2012,0.293,322.27,5179.22,19.01
Portugal,PRT,2013,0.1,339.74,7304.92,13.74
Portugal,PRT,2014,1.325,358.43,7570.94,9.22
Portugal,PRT,2015,0.1,412.27,1085.34,5.0
Portugal,PRT,2016,0.166,300.0,7593.48,18.05
Portugal,PRT,2017,0.605,365.45,11872.82,14.45
Portugal,PRT,2018,0.592,337.42,3093.55,15.67
Portugal,PRT,2019,0.643,300.0,12644.4,5.0
Portugal,PRT,2020,0.1,325.54,6704.43,20.23
Portugal,PRT,2021,0.494,384.96,8775.88,14.33
Portugal,PRT,2022,2.102,358.31,12297.27,11.05
Portugal,PRT,2023,0.1,340.5,10274.63,14.71
New Zealand,NZL,2000,11.576,637.63,48542.53,67.76
New Zealand,NZL,2001,9.891,644.55,57623.81,78.34
New Zealand,NZL,2002,11.803,726.83,49733.56,69.63
New Zealand,NZL,2003,9.8,735.9,46792.3,76.47
New Zealand,NZL,2004,10.981,695.28,52711.44,67.22
New Zealand,NZL,2005,12.205,594.42,51744.71,73.84
New Zealand,NZL,2006,9.698,710.81,50204.73,58.64
New Zealand,NZL,2007,9.259,749.71,52107.12,66.81
New Zealand,NZL,2008,14.902,717.5,52990.41,79.57
New Zealand,NZL,2009,11.976,679.51,53372.07,82.09
New Zealand,NZL,2010,11.516,703.44,51046.44,69.13
New Zealand,NZL,2011,13.122,717.39,52303.74,71.98
New Zealand,NZL,2012,12.114,704.57,53492.07,71.62
New Zealand,NZL,2013,10.066,736.95,53412.84,79.73
New Zealand,NZL,2014,10.494,696.32,51736.88,74.91
New Zealand,NZL,2015,11.814,727.05,52315.43,76.77
New Zealand,NZL,2016,10.465,716.76,59441.61,61.0
New Zealand,NZL,2017,12.21,759.91,49686.52,65.02
New Zealand,NZL,2018,11.898,729.42,59009.25,86.59
New Zealand,NZL,2019,12.341,746.62,57371.28,78.66
New Zealand,NZL,2020,12.035,730.63,52594.13,72.36
New Zealand,NZL,2021,10.161,712.58,50956.91,73.51
New Zealand,NZL,2022,9.389,735.13,49093.23,70.7
New Zealand,NZL,2023,12.153,752.19,54978.54,75.04
Peru,PER,2000,5.63,571.66,27432.25,54.54
Peru,PER,2001,6.975,586.21,31973.61,43.06
Peru,PER,2002,4.981,498.6,27346.63,53.63
Peru,PER,2003,6.906,560.63,33420.72,60.34
Peru,PER,2004,6.888,550.29,30680.72,45.94
Peru,PER,2005,6.105,521.69,32677.44,52.06
Peru,PER,2006,6.536,549.84,30029.89,47.91
Peru,PER,2007,5.962,524.05,29764.6,53.03
Peru,PER,2008,8.176,579.93,32051.45,45.22
Peru,PER,2009,6.755,548.59,33999.61,55.49
Peru,PER,2010,7.532,538.05,33353.99,40.38
Peru,PER,2011,5.764,499.2,32761.76,51.48
Peru,PER,2012,7.947,616.08,25641.78,36.94
Peru,PER,2013,6.729,647.89,38487.55,42.42
Peru,PER,2014,7.139,543.57,36880.98,55.28
Peru,PER,2015,5.419,548.47,32455.35,44.19
Peru,PER,2016,5.568,514.86,32361.12,48.18
Peru,PER,2017,9.279,528.75,28562.7,45.9
Peru,PER,2018,6.545,548.57,32184.06,51.42
Peru,PER,2019,6.689,548.45,34796.95,55.85
Peru,PER,2020,7.108,561.41,29932.93,43.31
Peru,PER,2021,7.71,532.82,33594.77,39.95
Peru,PER,2022,6.408,563.47,36712.36,41.95
Peru,PER,2023,5.545,544.53,36807.08,54.28
Greece,GRC,2000,13.582,735.97,53009.87,81.23
Greece,GRC,2001,12.347,711.36,59771.68,79.49
Greece,GRC,2002,12.688,786.99,57171.55,79.46
Greece,GRC,2003,11.819,747.13,52084.89,84.0
Greece,GRC,2004,10.847,736.07,54942.08,69.42
Greece,GRC,2005,13.085,750.34,60792.67,74.81
Greece,GRC,2006,11.637,771.44,58502.92,73.93
Greece,GRC,2007,12.8,747.42,54656.71,80.52
Greece,GRC,2008,11.296,724.69,59908.76,80.29
Greece,GRC,2009,12.717,775.37,52603.14,78.26
Greece,GRC,2010,13.654,784.17,56025.88,78.81
Greece,GRC,2011,13.002,783.85,58663.1,79.05
Greece,GRC,2012,12.685,718.56,58310.51,78.89
Greece,GRC,2013,11.367,695.81,56556.84,77.37
Greece,GRC,2014,13.727,767.54,59943.01,87.74
Greece,GRC,2015,11.432,763.75,58702.6,92.2
Greece,GRC,2016,13.599,764.3,54508.63,85.37
Greece,GRC,2017,11.641,746.76,55339.43,68.4
Greece,GRC,2018,14.406,737.64,58726.89,83.98
Greece,GRC,2019,12.738,747.52,58678.49,78.75
Greece,GRC,2020,11.322,831.92,58922.74,79.27
Greece,GRC,2021,14.496,752.67,60688.78,84.36
Greece,GRC,2022,11.754,775.12,57299.49,75.5
Greece,GRC,2023,13.494,813.51,58920.14,80.15
Iraq,IRQ,2000,0.643,371.8,10489.8,19.11
Iraq,IRQ,2001,1.367,390.36,8527.85,14.51
Iraq,IRQ,2002,1.659,342.41,8770.79,19.5
Iraq,IRQ,2003,3.744,400.02,8100.96,25.16
Iraq,IRQ,2004,1.833,345.14,4804.49,8.91
Iraq,IRQ,2005,1.508,362.22,7216.67,20.03
Iraq,IRQ,2006,2.229,354.11,6128.24,20.04
Iraq,IRQ,2007,1.558,385.12,10871.46,20.7
Iraq,IRQ,2008,0.78,363.37,7928.16,26.38
Iraq,IRQ,2009,2.421,411.37,9418.32,14.67
Iraq,IRQ,2010,1.954,403.78,10903.73,20.43
Iraq,IRQ,2011,2.333,377.59,9071.24,16.51
Iraq,IRQ,2012,2.772,423.12,7925.55,16.7
Iraq,IRQ,2013,0.1,327.6,11346.85,26.49
Iraq,IRQ,2014,2.326,378.99,11545.5,39.34
Iraq,IRQ,2015,0.1,345.37,13318.27,26.31
Iraq,IRQ,2016,1.072,403.39,13459.68,22.16
Iraq,IRQ,2017,3.226,407.77,9684.99,16.72
Iraq,IRQ,2018,2.637,389.89,14496.8,12.13
Iraq,IRQ,2019,2.617,363.53,12421.72,28.79
Iraq,IRQ,2020,2.799,356.95,12738.9,22.39
Iraq,IRQ,2021,1.344,398.67,17335.51,24.61
Iraq,IRQ,2022,0.933,393.9,12043.73,19.25
Iraq,IRQ,2023,1.338,387.9,12613.85,21.71
Algeria,DZA,2000,7.625,490.62,27158.49,50.7
Algeria,DZA,2001,5.563,468.46,26372.08,46.22
Algeria,DZA,2002,5.85,528.45,32700.88,47.88
Algeria,DZA,2003,5.123,486.76,29703.87,38.9
Algeria,DZA,2004,6.061,566.5,36362.46,53.64
Algeria,DZA,2005,6.87,575.34,28916.6,43.04
Algeria,DZA,2006,7.251,543.83,32210.2,48.28
Algeria,DZA,2007,9.874,568.34,31197.1,54.48
Algeria,DZA,2008,6.532,530.75,31407.59,39.45
Algeria,DZA,2009,6.326,507.4,32693.75,51.01
Algeria,DZA,2010,5.336,527.0,30612.99,54.22
Algeria,DZA,2011,4.623,525.03,29297.16,46.87
Algeria,DZA,2012,5.364,553.2,30720.9,51.39
Algeria,DZA,2013,6.912,544.92,27130.02,47.34
Algeria,DZA,2014,8.363,577.05,32296.35,46.06
Algeria,DZA,2015,6.437,570.38,29656.26,54.58
Algeria,DZA,2016,6.946,522.03,30744.87,36.55
Algeria,DZA,2017,7.038,541.82,31255.13,41.01
Algeria,DZA,2018,6.757,595.16,30398.86,52.18
Algeria,DZA,2019,7.031,554.06,31417.06,57.48
Algeria,DZA,2020,8.091,551.45,32401.39,44.71
Algeria,DZA,2021,6.082,593.96,33830.92,49.03
Algeria,DZA,2022,7.115,592.13,37657.14,45.64
Algeria,DZA,2023,8.585,526.6,31956.38,54.88
Qatar,QAT,2000,9.9,649.91,41080.66,71.2
Qatar,QAT,2001,9.117,638.6,43854.36,66.14
Qatar,QAT,2002,9.675,648.42,42200.81,61.86
Qatar,QAT,2003,9.818,660.0,40813.33,74.82
Qatar,QAT,2004,9.667,665.2,40838.23,76.69
Qatar,QAT,2005,9.67,655.98,44965.44,59.88
Qatar,QAT,2006,8.163,597.54,44545.4,70.17
Qatar,QAT,2007,8.508,636.04,39535.52,61.68
Qatar,QAT,2008,11.228,682.99,44576.11,58.58
Qatar,QAT,2009,9.467,791.67,43123.76,58.8
Qatar,QAT,2010,9.295,642.59,42673.07,62.69
Qatar,QAT,2011,8.62,651.45,44582.92,66.31
Qatar,QAT,2012,7.709,671.12,45113.02,65.04
Qatar,QAT,2013,10.556,648.9,40020.32,70.37
Qatar,QAT,2014,9.408,679.99,45994.38,61.04
Qatar,QAT,2015,8.359,686.61,52064.03,53.69
Qatar,QAT,2016,9.825,700.68,44343.38,50.75
Qatar,QAT,2017,6.868,660.18,45236.73,64.24
Qatar,QAT,2018,11.692,597.33,43320.46,57.75
Qatar,QAT,2019,9.769,639.05,44359.58,74.69
Qatar,QAT,2020,9.912,653.44,43211.24,58.88
Qatar,QAT,2021,8.86,686.29,45568.4,62.06
Qatar,QAT,2022,10.058,663.15,45471.15,67.61
Qatar,QAT,2023,9.566,575.05,51567.33,55.91
Kazakhstan,KAZ,2000,15.558,824.44,61044.3,96.45
Kazakhstan,KAZ,2001,15.799,788.83,65269.87,98.56
Kazakhstan,KAZ,2002,14.171,837.42,62702.55,97.44
Kazakhstan,KAZ,2003,12.777,776.19,62125.31,87.94
Kazakhstan,KAZ,2004,13.821,765.72,62914.35,85.82
Kazakhstan,KAZ,2005,15.575,836.39,60184.85,95.17
Kazakhstan,KAZ,2006,12.845,800.65,62840.81,91.47
Kazakhstan,KAZ,2007,15.426,850.0,63649.2,90.87
Kazakhstan,KAZ,2008,13.022,839.09,63295.01,95.82
Kazakhstan,KAZ,2009,11.915,785.7,60855.08,92.66
Kazakhstan,KAZ,2010,13.006,787.0,64371.68,97.25
Kazakhstan,KAZ,2011,16.427,781.1,63586.76,85.04
Kazakhstan,KAZ,2012,13.695,768.98,66941.23,91.99
Kazakhstan,KAZ,2013,13.474,819.1,64124.0,79.39
Kazakhstan,KAZ,2014,14.468,795.15,68106.45,93.19
Kazakhstan,KAZ,2015,15.513,788.38,65388.32,92.06
Kazakhstan,KAZ,2016,16.14,820.63,65287.27,84.6
Kazakhstan,KAZ,2017,11.798,797.28,66002.39,77.2
Kazakhstan,KAZ,2018,16.729,794.04,62601.57,93.17
Kazakhstan,KAZ,2019,14.195,796.1,67282.93,100.0
Kazakhstan,KAZ,2020,16.055,835.67,62449.94,94.77
Kazakhstan,KAZ,2021,14.845,828.45,70163.75,89.64
Kazakhstan,KAZ,2022,15.072,790.27,67167.18,90.74
Kazakhstan,KAZ,2023,13.803,850.0,66164.37,96.22
Hungary,HUN,2000,1.595,417.56,14932.04,26.17
Hungary,HUN,2001,2.528,325.27,16733.94,30.99
Hungary,HUN,2002,4.444,418.57,11723.37,25.41
Hungary,HUN,2003,3.11,394.74,13458.06,36.63
Hungary,HUN,2004,4.003,380.47,12199.63,18.96
Hungary,HUN,2005,2.446,372.84,10996.61,22.74
Hungary,HUN,2006,3.64,383.46,14455.07,29.2
Hungary,HUN,2007,3.873,426.24,11247.46,13.45
Hungary,HUN,2008,4.317,380.32,13788.85,20.92
Hungary,HUN,2009,1.677,398.31,9880.35,29.12
Hungary,HUN,2010,4.608,400.04,11381.44,30.61
Hungary,HUN,2011,3.213,397.49,14771.49,28.15
Hungary,HUN,2012,1.431,433.06,11284.3,27.45
Hungary,HUN,2013,3.669,473.27,11157.49,14.68
Hungary,HUN,2014,1.985,387.62,14096.31,24.9
Hungary,HUN,2015,3.599,433.83,11952.56,26.13
Hungary,HUN,2016,3.703,431.57,14397.69,26.75
Hungary,HUN,2017,2.431,382.19,11340.68,15.16
Hungary,HUN,2018,4.255,460.48,15354.29,28.46
Hungary,HUN,2019,3.766,489.93,16787.47,29.57
Hungary,HUN,2020,3.231,460.35,11544.82,23.54
Hungary,HUN,2021,4.261,395.8,14496.92,23.85
Hungary,HUN,2022,2.958,389.3,14210.74,21.86
Hungary,HUN,2023,3.904,369.24,14194.46,23.19
Ukraine,UKR,2000,12.158,690.47,47681.85,74.17
Ukraine,UKR,2001,9.967,702.75,51046.34,79.68
Ukraine,UKR,2002,12.238,718.72,46472.15,72.67
Ukraine,UKR,2003,11.937,694.17,51800.24,79.95
Ukraine,UKR,2004,13.53,728.77,49110.28,75.58
Ukraine,UKR,2005,11.605,785.69,50006.75,75.38
Ukraine,UKR,2006,11.092,723.46,52069.36,75.13
Ukraine,UKR,2007,10.995,696.02,53992.79,72.24
Ukraine,UKR,2008,10.631,686.49,49041.82,73.99
Ukraine,UKR,2009,11.567,762.58,54050.53,76.73
Ukraine,UKR,2010,10.121,639.73,52742.56,78.56
Ukraine,UKR,2011,11.285,743.55,54454.2,62.02
Ukraine,UKR,2012,12.253,684.97,49910.59,71.85
Ukraine,UKR,2013,13.507,768.28,56881.81,68.49
Ukraine,UKR,2014,11.892,701.51,54056.95,69.16
Ukraine,UKR,2015,9.162,691.98,56069.03,86.2
Ukraine,UKR,2016,11.304,683.41,54283.79,70.53
Ukraine,UKR,2017,12.274,750.23,53365.82,75.52
Ukraine,UKR,2018,9.188,761.19,53538.51,69.5
Ukraine,UKR,2019,10.612,759.96,51252.63,66.28
Ukraine,UKR,2020,11.078,694.24,55246.52,88.28
Ukraine,UKR,2021,11.354,719.96,56014.96,79.44
Ukraine,UKR,2022,11.623,731.3,55878.21,65.11
Ukraine,UKR,2023,10.739,723.77,50169.92,77.51
Kuwait,KWT,2000,9.72,602.4,42144.62,60.2
Kuwait,KWT,2001,7.652,644.27,46992.09,73.63
Kuwait,KWT,2002,12.097,597.94,40416.62,64.79
Kuwait,KWT,2003,9.277,659.02,43925.32,59.28
Kuwait,KWT,2004,9.769,690.98,41324.18,70.59
Kuwait,KWT,2005,7.794,609.53,42330.12,66.6
Kuwait,KWT,2006,10.141,606.27,46930.39,54.46
Kuwait,KWT,2007,7.451,647.96,41479.82,62.6
Kuwait,KWT,2008,9.326,661.05,40951.22,68.35
Kuwait,KWT,2009,7.74,593.5,42517.89,51.26
Kuwait,KWT,2010,10.047,732.01,44973.2,72.74
Kuwait,KWT,2011,11.043,625.66,46398.65,59.84
Kuwait,KWT,2012,9.331,637.8,42591.86,66.68
Kuwait,KWT,2013,10.574,677.52,42235.32,64.77
Kuwait,KWT,2014,10.808,692.77,48935.48,63.11
Kuwait,KWT,2015,9.54,667.35,45139.78,60.46
Kuwait,KWT,2016,10.774,675.44,38420.0,55.75
Kuwait,KWT,2017,9.085,630.92,46121.11,70.58
Kuwait,KWT,2018,11.69,618.2,42305.52,61.84
Kuwait,KWT,2019,7.702,598.28,48072.38,57.23
Kuwait,KWT,2020,9.968,606.42,43926.28,65.32
Kuwait,KWT,2021,8.7,628.19,43058.49,55.72
Kuwait,KWT,2022,9.008,655.17,38238.86,60.74
Kuwait,KWT,2023,12.435,687.82,43122.16,57.71
Morocco,MAR,2000,7.096,554.01,34205.51,46.52
Morocco,MAR,2001,5.687,582.72,30672.14,46.94
Morocco,MAR,2002,5.706,578.22,34176.6,47.49
Morocco,MAR,2003,8.223,568.31,33048.03,50.89
Morocco,MAR,2004,8.949,558.39,32781.81,46.06
Morocco,MAR,2005,5.599,512.18,31696.31,50.54
Morocco,MAR,2006,8.994,546.99,29939.28,57.95
Morocco,MAR,2007,9.937,607.63,37483.77,51.21
Morocco,MAR,2008,8.729,516.6,29840.02,48.9
Morocco,MAR,2009,6.538,533.7,32586.82,50.89
Morocco,MAR,2010,8.866,563.22,29807.34,35.79
Morocco,MAR,2011,8.69,579.17,28766.03,45.65
Morocco,MAR,2012,6.08,606.95,27797.63,46.42
Morocco,MAR,2013,6.002,534.81,33764.75,43.44
Morocco,MAR,2014,7.742,600.03,37785.88,35.47
Morocco,MAR,2015,5.519,579.09,34760.45,50.14
Morocco,MAR,2016,6.237,581.98,36117.61,48.67
Morocco,MAR,2017,8.558,565.43,35488.69,50.96
Morocco,MAR,2018,5.773,593.41,35719.01,48.89
Morocco,MAR,2019,7.609,602.5,33179.73,47.46
Morocco,MAR,2020,7.425,511.37,30979.9,44.29
Morocco,MAR,2021,8.965,511.06,36023.76,52.57
Morocco,MAR,2022,8.191,628.78,34780.32,45.74
Morocco,MAR,2023,8.33,502.43,34900.21,46.81
Ecuador,ECU,2000,8.243,504.99,26404.42,59.1
Ecuador,ECU,2001,5.493,513.28,31572.46,57.9
Ecuador,ECU,2002,6.516,537.4,32818.98,53.45
Ecuador,ECU,2003,5.827,518.88,33480.02,42.86
Ecuador,ECU,2004,9.14,527.43,30872.57,46.39
Ecuador,ECU,2005,6.977,511.1,29092.88,38.48
Ecuador,ECU,2006,8.588,507.41,32240.66,50.12
Ecuador,ECU,2007,3.44,547.49,37867.43,58.16
Ecuador,ECU,2008,5.995,579.78,33993.59,49.16
Ecuador,ECU,2009,5.117,549.77,33378.85,66.03
Ecuador,ECU,2010,8.774,574.11,35176.19,53.28
Ecuador,ECU,2011,8.22,604.44,31567.52,45.58
Ecuador,ECU,2012,7.448,553.58,35409.48,53.01
Ecuador,ECU,2013,7.636,540.7,37029.6,61.51
Ecuador,ECU,2014,9.615,571.49,33342.15,53.24
Ecuador,ECU,2015,8.025,538.07,30271.23,51.95
Ecuador,ECU,2016,6.457,642.86,34536.54,48.97
Ecuador,ECU,2017,6.239,609.15,29396.23,55.76
Ecuador,ECU,2018,7.977,652.05,36857.99,47.28
Ecuador,ECU,2019,7.581,544.56,35785.89,48.21
Ecuador,ECU,2020,7.558,540.99,34649.9,54.36
Ecuador,ECU,2021,7.399,549.64,30869.41,35.33
Ecuador,ECU,2022,6.072,550.16,39524.23,48.17
Ecuador,ECU,2023,8.374,549.87,35690.91,51.81
Slovakia,SVK,2000,4.829,508.47,26824.64,38.76
Slovakia,SVK,2001,8.814,499.12,30060.65,46.71
Slovakia,SVK,2002,7.913,489.35,25883.51,45.82
Slovakia,SVK,2003,5.977,517.84,31919.47,53.0
Slovakia,SVK,2004,6.395,549.09,27466.95,51.55
Slovakia,SVK,2005,5.993,519.55,34333.52,50.28
Slovakia,SVK,2006,8.384,591.16,27256.21,40.29
Slovakia,SVK,2007,5.275,495.27,26177.32,51.09
Slovakia,SVK,2008,6.366,564.85,34181.97,48.34
Slovakia,SVK,2009,7.168,576.9,28308.52,50.92
Slovakia,SVK,2010,7.519,533.9,28838.03,54.94
Slovakia,SVK,2011,5.795,568.42,29310.54,58.98
Slovakia,SVK,2012,6.848,564.93,29967.64,61.91
Slovakia,SVK,2013,7.417,525.69,31753.37,49.98
Slovakia,SVK,2014,6.016,506.7,30958.85,51.57
Slovakia,SVK,2015,7.843,537.64,27157.82,45.72
Slovakia,SVK,2016,5.496,486.56,37134.63,32.39
Slovakia,SVK,2017,4.265,515.86,36858.49,42.61
Slovakia,SVK,2018,6.699,529.07,28566.16,51.11
Slovakia,SVK,2019,5.951,552.42,31785.42,37.21
Slovakia,SVK,2020,6.751,540.09,27779.65,43.65
Slovakia,SVK,2021,8.604,561.2,28046.6,45.59
Slovakia,SVK,2022,5.324,553.33,31295.0,39.27
Slovakia,SVK,2023,6.473,591.42,34046.28,34.44
Sri Lanka,LKA,2000,6.005,586.55,28243.75,43.2
Sri Lanka,LKA,2001,5.492,532.35,25352.7,50.4
Sri Lanka,LKA,2002,6.242,528.77,26064.25,53.6
Sri Lanka,LKA,2003,6.428,566.65,28905.81,43.25
Sri Lanka,LKA,2004,6.936,492.41,27960.55,40.13
Sri Lanka,LKA,2005,8.198,550.65,28511.1,45.25
Sri Lanka,LKA,2006,5.839,547.99,30556.87,56.92
Sri Lanka,LKA,2007,8.042,526.51,27137.16,52.85
Sri Lanka,LKA,2008,6.029,559.3,28787.48,41.34
Sri Lanka,LKA,2009,7.293,551.27,25893.62,40.86
Sri Lanka,LKA,2010,7.674,620.02,29769.76,38.86
Sri Lanka,LKA,2011,2.823,497.15,31777.32,44.15
Sri Lanka,LKA,2012,6.75,578.76,33355.34,41.02
Sri Lanka,LKA,2013,5.681,521.73,30837.37,50.64
Sri Lanka,LKA,2014,5.587,571.91,28480.07,56.62
Sri Lanka,LKA,2015,6.111,500.27,25867.48,32.37
Sri Lanka,LKA,2016,5.947,465.93,23715.52,42.67
Sri Lanka,LKA,2017,6.657,529.48,31149.4,41.57
Sri Lanka,LKA,2018,5.905,558.48,32277.85,47.47
Sri Lanka,LKA,2019,7.383,485.7,30188.11,38.83
Sri Lanka,LKA,2020,6.196,551.62,33073.2,33.01
Sri Lanka,LKA,2021,7.059,528.88,34861.91,43.59
Sri Lanka,LKA,2022,6.329,549.64,30507.87,42.67
Sri Lanka,LKA,2023,6.895,559.14,31222.09,44.53
Ethiopia,ETH,2000,7.433,444.57,22119.64,44.42
Ethiopia,ETH,2001,5.491,392.76,22647.32,33.49
Ethiopia,ETH,2002,3.722,449.35,18468.42,38.55
Ethiopia,ETH,2003,8.079,492.24,25129.02,26.18
Ethiopia,ETH,2004,6.239,431.63,19997.86,34.18
Ethiopia,ETH,2005,3.018,488.11,21910.65,31.78
Ethiopia,ETH,2006,2.707,448.06,24103.94,30.09
Ethiopia,ETH,2007,4.679,474.38,21069.02,31.82
Ethiopia,ETH,2008,5.015,465.33,24306.89,32.14
Ethiopia,ETH,2009,4.853,457.45,25904.87,41.72
Ethiopia,ETH,2010,2.395,481.39,23006.53,39.59
Ethiopia,ETH,2011,4.983,492.72,22619.31,32.15
Ethiopia,ETH,2012,3.216,482.0,24890.02,43.36
Ethiopia,ETH,2013,6.548,507.9,19251.97,28.87
Ethiopia,ETH,2014,4.558,470.12,22695.18,46.49
Ethiopia,ETH,2015,6.568,468.25,20439.2,33.57
Ethiopia,ETH,2016,5.73,489.49,21010.46,33.15
Ethiopia,ETH,2017,3.178,433.41,24909.74,32.87
Ethiopia,ETH,2018,3.345,509.54,25172.78,39.85
Ethiopia,ETH,2019,3.163,453.42,24287.91,36.89
Ethiopia,ETH,2020,3.642,486.74,27269.47,24.3
Ethiopia,ETH,2021,5.126,523.27,28043.2,44.37
Ethiopia,ETH,2022,5.43,469.52,24953.18,30.53
Ethiopia,ETH,2023,5.79,516.42,22078.18,27.86
Dominican Republic,DOM,2000,10.109,665.23,44927.99,73.79
Dominican Republic,DOM,2001,11.343,722.88,48314.02,67.06
Dominican Republic,DOM,2002,8.91,689.7,43639.99,66.99
Dominican Republic,DOM,2003,9.383,666.92,46737.4,66.58
Dominican Republic,DOM,2004,12.802,726.03,51580.4,70.99
Dominican Republic,DOM,2005,9.198,727.95,49567.59,75.76
Dominican Republic,DOM,2006,12.622,657.52,52319.32,83.28
Dominican Republic,DOM,2007,9.619,710.74,51181.99,77.34
Dominican Republic,DOM,2008,11.528,704.18,46847.31,51.15
Dominican Republic,DOM,2009,8.452,784.3,50599.71,70.61
Dominican Republic,DOM,2010,8.647,662.55,44891.32,71.89
Dominican Republic,DOM,2011,9.846,709.49,51917.04,67.27
Dominican Republic,DOM,2012,9.368,665.0,50787.62,69.49
Dominican Republic,DOM,2013,12.521,712.17,47919.08,86.51
Dominican Republic,DOM,2014,10.243,721.68,51299.93,67.7
Dominican Republic,DOM,2015,11.05,690.7,53838.82,78.27
Dominican Republic,DOM,2016,11.65,754.19,50131.02,73.66
Dominican Republic,DOM,2017,10.448,720.8,49356.03,73.75
Dominican Republic,DOM,2018,10.924,738.12,50895.85,83.16
Dominican Republic,DOM,2019,11.378,686.88,50635.46,77.4
Dominican Republic,DOM,2020,11.369,712.73,54173.49,72.97
Dominican Republic,DOM,2021,9.453,744.04,48977.47,64.47
Dominican Republic,DOM,2022,11.918,698.31,51983.64,73.61
Dominican Republic,DOM,2023,10.994,671.41,52365.48,70.61
Kenya,KEN,2000,9.538,592.45,39486.02,57.12
Kenya,KEN,2001,8.269,636.67,40177.25,54.57
Kenya,KEN,2002,10.244,563.87,40469.29,59.27
Kenya,KEN,2003,9.491,630.53,39165.4,59.24
Kenya,KEN,2004,9.765,589.19,41822.75,52.73
Kenya,KEN,2005,7.337,602.55,41076.74,60.74
Kenya,KEN,2006,6.374,561.34,39887.96,58.29
Kenya,KEN,2007,8.108,627.87,44193.51,65.69
Kenya,KEN,2008,9.731,662.44,42589.92,64.52
Kenya,KEN,2009,6.945,602.53,42323.54,56.07
Kenya,KEN,2010,8.736,607.21,43432.03,52.21
Kenya,KEN,2011,9.501,621.53,39465.87,56.45
Kenya,KEN,2012,9.3,652.63,39696.17,61.89
Kenya,KEN,2013,8.851,606.78,45012.22,62.51
Kenya,KEN,2014,8.937,633.78,39186.57,75.86
Kenya,KEN,2015,9.906,667.56,41788.92,52.26
Kenya,KEN,2016,10.419,637.02,37841.1,60.93
Kenya,KEN,2017,7.321,619.74,42084.2,53.44
Kenya,KEN,2018,8.279,592.38,38005.2,63.86
Kenya,KEN,2019,9.072,641.23,41122.23,62.2
Kenya,KEN,2020,7.222,670.66,39821.78,56.51
Kenya,KEN,2021,10.565,661.5,42530.46,63.81
Kenya,KEN,2022,10.339,607.18,46296.43,65.31
Kenya,KEN,2023,9.633,629.79,36939.87,56.11
Guatemala,GTM,2000,9.974,714.74,40338.13,65.35
Guatemala,GTM,2001,8.764,620.62,39954.12,70.99
Guatemala,GTM,2002,10.514,623.39,44662.1,63.0
Guatemala,GTM,2003,10.345,652.7,44160.66,66.32
Guatemala,GTM,2004,10.61,689.92,44800.97,62.5
Guatemala,GTM,2005,9.976,690.33,43677.37,62.28
Guatemala,GTM,2006,8.815,658.13,42518.32,72.23
Guatemala,GTM,2007,9.499,701.61,41675.54,58.06
Guatemala,GTM,2008,9.882,617.83,44916.93,61.05
Guatemala,GTM,2009,8.415,657.27,46980.59,60.94
Guatemala,GTM,2010,9.787,698.84,46554.19,58.25
Guatemala,GTM,2011,11.409,679.62,47600.82,66.26
Guatemala,GTM,2012,10.233,674.49,43838.15,61.07
Guatemala,GTM,2013,10.733,650.88,45810.16,67.47
Guatemala,GTM,2014,9.733,618.67,42858.49,64.72
Guatemala,GTM,2015,11.591,678.28,47563.83,61.72
Guatemala,GTM,2016,10.74,628.02,44524.58,64.65
Guatemala,GTM,2017,10.16,670.0,41375.2,63.65
Guatemala,GTM,2018,11.81,621.52,46924.76,66.8
Guatemala,GTM,2019,10.329,665.32,41922.79,57.84
Guatemala,GTM,2020,9.068,725.67,47865.03,67.09
Guatemala,GTM,2021,9.71,702.03,47226.36,58.12
Guatemala,GTM,2022,12.012,634.19,49139.23,67.88
Guatemala,GTM,2023,9.83,709.55,45555.46,63.19
Oman,OMN,2000,9.274,528.84,35625.75,47.36
Oman,OMN,2001,7.947,611.03,35518.6,58.08
Oman,OMN,2002,8.744,584.99,34641.51,51.42
Oman,OMN,2003,10.202,576.18,42065.57,56.13
Oman,OMN,2004,8.76,560.01,34102.38,63.33
Oman,OMN,2005,7.136,605.59,42621.93,58.8
Oman,OMN,2006,7.418,616.13,36308.36,44.6
Oman,OMN,2007,8.608,595.79,41837.45,63.11
Oman,OMN,2008,8.672,630.22,43416.34,59.91
Oman,OMN,2009,8.722,607.58,38156.18,52.41
Oman,OMN,2010,9.169,620.47,39119.98,59.76
Oman,OMN,2011,9.924,651.95,35893.4,56.56
Oman,OMN,2012,9.451,602.65,40553.65,52.25
Oman,OMN,2013,9.419,636.11,42944.94,56.5
Oman,OMN,2014,6.893,643.78,36231.16,62.51
Oman,OMN,2015,8.549,558.6,38006.3,64.23
Oman,OMN,2016,9.336,671.42,37696.52,58.07
Oman,OMN,2017,9.064,603.95,39195.38,62.21
Oman,OMN,2018,8.292,589.83,38974.61,65.49
Oman,OMN,2019,8.599,659.35,37590.05,47.22
Oman,OMN,2020,10.71,642.01,39652.1,49.17
Oman,OMN,2021,9.905,576.14,33932.15,46.37
Oman,OMN,2022,8.777,665.79,44897.14,53.37
Oman,OMN,2023,9.098,645.97,41466.07,67.57
Bulgaria,BGR,2000,9.515,646.91,48811.9,62.73
Bulgaria,BGR,2001,11.327,685.54,50126.77,69.57
Bulgaria,BGR,2002,8.333,716.55,47034.56,67.98
Bulgaria,BGR,2003,11.758,664.82,51950.12,67.99
Bulgaria,BGR,2004,9.755,717.78,49018.19,77.26
Bulgaria,BGR,2005,11.538,742.93,50446.52,66.37
Bulgaria,BGR,2006,11.016,665.75,54825.62,78.53
Bulgaria,BGR,2007,9.907,751.96,45979.73,70.06
Bulgaria,BGR,2008,12.235,701.41,51575.6,63.19
Bulgaria,BGR,2009,12.523,732.43,52846.0,63.25
Bulgaria,BGR,2010,9.655,693.5,47528.95,61.97
Bulgaria,BGR,2011,14.647,714.98,50411.54,76.08
Bulgaria,BGR,2012,11.96,706.54,55929.79,71.91
Bulgaria,BGR,2013,10.628,685.4,58430.83,77.57
Bulgaria,BGR,2014,12.441,695.85,52415.62,72.54
Bulgaria,BGR,2015,9.207,720.07,51950.36,63.23
Bulgaria,BGR,2016,11.129,689.61,54962.0,82.46
Bulgaria,BGR,2017,12.364,707.26,52199.01,69.2
Bulgaria,BGR,2018,13.485,746.56,55599.91,68.65
Bulgaria,BGR,2019,9.698,736.61,56183.94,57.21
Bulgaria,BGR,2020,11.813,728.76,50945.35,72.44
Bulgaria,BGR,2021,12.526,715.42,52989.01,64.17
Bulgaria,BGR,2022,10.2,692.34,53958.97,79.85
Bulgaria,BGR,2023,13.638,717.55,51004.0,77.82
Venezuela,VEN,2000,9.157,655.88,45408.27,76.83
Venezuela,VEN,2001,11.586,694.25,49247.99,64.38
Venezuela,VEN,2002,11.696,691.14,43023.74,78.67
Venezuela,VEN,2003,10.343,660.69,46565.21,73.05
Venezuela,VEN,2004,11.627,672.31,46536.13,65.27
Venezuela,VEN,2005,8.401,697.6,50893.15,65.93
Venezuela,VEN,2006,10.032,669.86,42528.32,74.04
Venezuela,VEN,2007,11.312,691.62,45560.54,70.57
Venezuela,VEN,2008,10.764,751.74,50787.31,71.46
Venezuela,VEN,2009,11.87,644.97,45910.22,74.44
Venezuela,VEN,2010,9.851,636.17,45710.78,68.18
Venezuela,VEN,2011,11.73,688.88,47435.93,71.8
Venezuela,VEN,2012,8.693,598.77,49972.96,64.25
Venezuela,VEN,2013,9.575,715.27,47228.08,73.03
Venezuela,VEN,2014,9.244,645.15,47017.72,82.58
Venezuela,VEN,2015,8.76,712.67,47135.98,77.54
Venezuela,VEN,2016,11.126,699.38,50200.91,72.17
Venezuela,VEN,2017,9.841,670.12,51524.89,69.32
Venezuela,VEN,2018,11.558,690.06,51387.2,72.73
Venezuela,VEN,2019,10.025,632.55,49307.59,79.48
Venezuela,VEN,2020,10.93,672.62,50874.11,73.09
Venezuela,VEN,2021,11.225,739.55,48600.21,62.43
Venezuela,VEN,2022,10.415,683.28,52512.7,62.93
Venezuela,VEN,2023,11.438,693.71,52124.31,65.72
Belarus,BLR,2000,5.929,457.92,21958.13,35.37
Belarus,BLR,2001,5.981,467.2,23287.77,29.04
Belarus,BLR,2002,6.937,547.25,24587.05,35.75
Belarus,BLR,2003,7.217,498.48,25379.88,24.39
Belarus,BLR,2004,4.561,479.9,27099.46,34.82
Belarus,BLR,2005,4.158,469.07,21241.44,40.53
Belarus,BLR,2006,7.253,482.89,26139.96,36.16
Belarus,BLR,2007,6.172,476.62,24066.87,43.64
Belarus,BLR,2008,3.845,490.14,26251.36,37.53
Belarus,BLR,2009,5.806,531.25,28882.2,37.14
Belarus,BLR,2010,6.885,483.79,25326.72,34.41
Belarus,BLR,2011,7.038,479.87,27843.85,42.01
Belarus,BLR,2012,6.307,488.87,23835.12,36.45
Belarus,BLR,2013,7.564,483.05,25937.85,51.03
Belarus,BLR,2014,4.97,497.95,29714.23,34.77
Belarus,BLR,2015,6.628,536.19,30069.64,37.95
Belarus,BLR,2016,5.522,451.44,22009.5,36.31
Belarus,BLR,2017,6.67,518.3,24983.91,35.24
Belarus,BLR,2018,4.201,483.81,23488.05,43.0
Belarus,BLR,2019,6.335,574.65,26915.71,50.33
Belarus,BLR,2020,5.745,396.28,23590.21,40.19
Belarus,BLR,2021,4.104,514.79,26966.85,42.83
Belarus,BLR,2022,5.029,470.75,29288.21,37.7
Belarus,BLR,2023,5.468,473.41,25944.61,41.01
Costa Rica,CRI,2000,5.724,437.93,21111.49,33.57
Costa Rica,CRI,2001,6.726,462.15,22037.85,33.85
Costa Rica,CRI,2002,7.416,505.04,27298.59,42.16
Costa Rica,CRI,2003,4.804,447.91,22606.08,47.1
Costa Rica,CRI,2004,5.479,504.45,23212.75,39.67
Costa Rica,CRI,2005,4.254,499.96,24226.91,36.53
Costa Rica,CRI,2006,4.677,489.65,24453.71,40.68
Costa Rica,CRI,2007,5.585,442.43,21926.49,30.99
Costa Rica,CRI,2008,4.361,418.13,24728.56,36.21
Costa Rica,CRI,2009,6.653,474.8,20185.58,30.55
Costa Rica,CRI,2010,3.957,548.74,23512.65,46.56
Costa Rica,CRI,2011,6.781,494.02,23852.48,35.27
Costa Rica,CRI,2012,4.45,522.72,26301.47,33.61
Costa Rica,CRI,2013,3.936,486.15,24326.31,34.33
Costa Rica,CRI,2014,6.304,482.67,16404.47,28.18
Costa Rica,CRI,2015,5.204,581.15,24087.78,46.32
Costa Rica,CRI,2016,3.812,512.68,22889.77,40.58
Costa Rica,CRI,2017,4.817,519.45,27699.09,39.83
Costa Rica,CRI,2018,5.082,522.89,26478.61,43.76
Costa Rica,CRI,2019,5.287,489.76,29527.81,32.75
Costa Rica,CRI,2020,5.301,514.32,26965.85,38.98
Costa Rica,CRI,2021,4.635,402.46,31093.69,36.11
Costa Rica,CRI,2022,5.831,521.44,30105.32,45.74
Costa Rica,CRI,2023,4.594,528.94,26187.06,31.86
Croatia,HRV,2000,10.056,633.72,45064.8,54.85
Croatia,HRV,2001,8.95,684.34,42029.17,53.79
Croatia,HRV,2002,7.413,587.15,41387.14,56.92
Croatia,HRV,2003,10.874,590.16,39869.62,72.67
Croatia,HRV,2004,9.112,639.47,42820.25,55.95
Croatia,HRV,2005,8.727,625.12,45456.22,67.42
Croatia,HRV,2006,8.791,662.83,41438.9,67.43
Croatia,HRV,2007,8.431,676.3,44246.19,60.83
Croatia,HRV,2008,10.256,622.61,46840.11,75.07
Croatia,HRV,2009,9.285,622.76,37521.99,50.53
Croatia,HRV,2010,10.312,599.85,41178.58,50.93
Croatia,HRV,2011,8.018,659.3,47215.73,67.49
Croatia,HRV,2012,8.417,635.1,44158.78,64.61
Croatia,HRV,2013,7.671,613.63,43147.55,56.22
Croatia,HRV,2014,10.315,679.75,41755.92,58.63
Croatia,HRV,2015,9.603,675.06,42160.09,62.85
Croatia,HRV,2016,9.288,637.35,41603.55,60.78
Croatia,HRV,2017,8.18,669.76,45371.07,58.33
Croatia,HRV,2018,11.987,692.88,41991.38,58.55
Croatia,HRV,2019,8.434,675.07,43465.99,66.52
Croatia,HRV,2020,7.722,585.86,44005.47,59.3
Croatia,HRV,2021,8.642,616.95,47288.92,62.59
Croatia,HRV,2022,7.43,659.95,40233.55,64.73
Croatia,HRV,2023,9.61,617.83,42557.43,66.09
Lithuania,LTU,2000,12.131,720.3,52956.4,78.38
Lithuania,LTU,2001,12.65,700.53,53309.76,71.3
Lithuania,LTU,2002,14.482,743.02,55092.06,79.17
Lithuania,LTU,2003,12.995,662.32,54810.24,83.14
Lithuania,LTU,2004,11.455,722.46,56473.21,69.55
Lithuania,LTU,2005,9.763,718.66,50390.23,71.48
Lithuania,LTU,2006,10.702,723.21,53283.04,68.68
Lithuania,LTU,2007,14.421,714.43,50521.86,82.45
Lithuania,LTU,2008,13.084,742.85,53942.55,80.14
Lithuania,LTU,2009,11.715,695.17,52810.45,82.11
Lithuania,LTU,2010,9.797,687.41,53078.91,75.36
Lithuania,LTU,2011,13.612,712.1,51364.69,75.76
Lithuania,LTU,2012,14.17,739.49,52226.56,75.36
Lithuania,LTU,2013,12.281,752.74,48387.81,76.63
Lithuania,LTU,2014,13.683,703.04,53902.59,65.05
Lithuania,LTU,2015,12.889,720.96,53852.05,83.5
Lithuania,LTU,2016,12.198,740.65,54231.53,82.4
Lithuania,LTU,2017,12.39,716.36,57554.1,78.38
Lithuania,LTU,2018,11.889,749.59,54856.41,77.03
Lithuania,LTU,2019,12.846,705.68,51930.09,68.82
Lithuania,LTU,2020,13.102,736.27,56669.29,79.98
Lithuania,LTU,2021,9.482,732.61,54534.73,75.3
Lithuania,LTU,2022,11.099,734.07,52666.47,70.83
Lithuania,LTU,2023,10.709,698.36,58985.07,71.9
Uruguay,URY,2000,5.558,472.5,24792.13,44.32
Uruguay,URY,2001,3.699,526.23,27843.48,44.79
Uruguay,URY,2002,7.99,482.61,27447.49,49.04
Uruguay,URY,2003,7.971,486.24,26059.1,42.4
Uruguay,URY,2004,8.753,510.94,26903.17,41.21
Uruguay,URY,2005,5.522,480.62,26805.38,36.32
Uruguay,URY,2006,7.047,447.66,25011.57,43.45
Uruguay,URY,2007,6.075,510.48,27810.09,52.22
Uruguay,URY,2008,6.317,523.36,25464.29,49.36
Uruguay,URY,2009,4.479,532.04,28656.78,37.66
Uruguay,URY,2010,6.466,429.57,24816.83,40.94
Uruguay,URY,2011,6.278,518.77,28905.64,50.54
Uruguay,URY,2012,5.626,542.25,28100.12,47.46
Uruguay,URY,2013,8.517,455.83,25156.7,53.53
Uruguay,URY,2014,6.169,520.18,23565.92,46.85
Uruguay,URY,2015,4.78,485.6,32951.64,42.5
Uruguay,URY,2016,5.716,429.06,26368.58,47.65
Uruguay,URY,2017,6.566,547.2,28900.27,36.35
Uruguay,URY,2018,5.375,473.28,29295.41,42.81
Uruguay,URY,2019,4.682,482.78,29296.39,44.26
Uruguay,URY,2020,5.681,522.03,31541.67,48.1
Uruguay,URY,2021,4.375,591.02,27716.93,48.8
Uruguay,URY,2022,4.644,616.23,31168.93,28.51
Uruguay,URY,2023,6.728,481.69,33118.54,49.6
Slovenia,SVN,2000,4.141,428.14,16630.71,34.23
Slovenia,SVN,2001,5.85,378.73,17322.89,29.51
Slovenia,SVN,2002,5.047,447.5,17324.99,35.51
Slovenia,SVN,2003,4.151,426.28,16532.39,35.8
Slovenia,SVN,2004,2.597,447.77,13595.41,40.31
Slovenia,SVN,2005,4.175,411.97,17469.16,29.26
Slovenia,SVN,2006,2.431,364.51,16324.32,28.36
Slovenia,SVN,2007,3.06,408.59,12677.82,24.53
Slovenia,SVN,2008,3.766,399.64,19003.5,27.08
Slovenia,SVN,2009,3.876,487.97,16949.53,31.44
Slovenia,SVN,2010,4.361,454.97,15506.9,32.13
Slovenia,SVN,2011,5.381,413.87,14571.41,25.08
Slovenia,SVN,2012,3.838,416.54,21693.24,28.08
Slovenia,SVN,2013,2.815,407.9,15830.17,30.09
Slovenia,SVN,2014,3.62,441.18,20342.14,36.46
Slovenia,SVN,2015,2.463,420.58,18393.35,36.82
Slovenia,SVN,2016,2.862,420.63,17640.42,36.49
Slovenia,SVN,2017,3.384,476.85,17205.4,21.95
Slovenia,SVN,2018,3.522,442.34,17980.52,28.36
Slovenia,SVN,2019,3.673,417.32,18180.8,32.45
Slovenia,SVN,2020,0.1,491.56,15503.08,29.65
Slovenia,SVN,2021,1.109,426.28,20498.7,28.62
Slovenia,SVN,2022,2.664,408.5,19931.64,34.98
Slovenia,SVN,2023,4.2,397.21,19975.51,23.62
Tunisia,TUN,2000,13.957,790.19,58788.82,84.91
Tunisia,TUN,2001,12.895,775.8,59639.12,93.86
Tunisia,TUN,2002,12.08,777.45,57150.57,92.94
Tunisia,TUN,2003,14.654,750.2,60641.69,73.57
Tunisia,TUN,2004,14.047,828.78,62123.59,84.28
Tunisia,TUN,2005,14.945,827.68,58489.84,83.45
Tunisia,TUN,2006,14.47,832.63,60222.61,76.6
Tunisia,TUN,2007,14.129,784.26,61453.87,87.36
Tunisia,TUN,2008,13.294,799.95,60835.26,100.0
Tunisia,TUN,2009,16.043,794.5,62597.77,79.14
Tunisia,TUN,2010,14.594,763.08,62189.93,84.36
Tunisia,TUN,2011,14.768,815.4,64089.01,90.47
Tunisia,TUN,2012,15.043,750.01,62252.59,95.78
Tunisia,TUN,2013,12.427,825.98,60641.93,88.54
Tunisia,TUN,2014,13.946,786.62,64184.06,92.41
Tunisia,TUN,2015,12.363,779.21,63060.88,84.98
Tunisia,TUN,2016,13.273,790.93,60571.54,92.15
Tunisia,TUN,2017,11.415,850.0,63865.94,89.2
Tunisia,TUN,2018,13.796,773.29,62727.27,86.7
Tunisia,TUN,2019,13.0,811.25,66724.61,89.33
Tunisia,TUN,2020,13.533,769.97,63629.86,88.71
Tunisia,TUN,2021,13.2,822.22,64558.61,89.23
Tunisia,TUN,2022,13.87,816.46,64852.11,100.0
Tunisia,TUN,2023,12.871,823.61,67501.05,85.57
Panama,PAN,2000,3.754,410.75,21015.62,29.54
Panama,PAN,2001,4.165,416.47,18069.78,28.39
Panama,PAN,2002,5.126,409.04,20610.26,27.36
Panama,PAN,2003,1.899,409.84,15363.53,33.5
Panama,PAN,2004,4.867,423.14,14761.86,35.25
Panama,PAN,2005,5.321,447.84,14266.57,27.05
Panama,PAN,2006,4.415,398.26,19303.56,31.66
Panama,PAN,2007,2.328,460.55,19846.41,31.69
Panama,PAN,2008,5.113,364.4,21999.74,40.48
Panama,PAN,2009,4.574,418.72,14829.78,25.56
Panama,PAN,2010,2.291,480.56,22126.73,26.41
Panama,PAN,2011,6.615,470.37,20813.79,25.59
Panama,PAN,2012,4.553,414.12,22711.15,36.23
Panama,PAN,2013,5.614,479.3,11752.27,37.45
Panama,PAN,2014,3.308,482.49,24544.28,38.31
Panama,PAN,2015,4.951,452.9,18099.93,33.56
Panama,PAN,2016,2.588,538.43,23136.59,28.9
Panama,PAN,2017,3.862,436.42,20723.62,35.53
Panama,PAN,2018,4.13,462.59,21713.86,29.53
Panama,PAN,2019,5.175,513.45,23791.81,23.98
Panama,PAN,2020,2.824,463.53,19798.89,31.35
Panama,PAN,2021,3.355,495.79,20683.88,37.85
Panama,PAN,2022,3.497,430.52,18408.82,31.16
Panama,PAN,2023,6.004,476.53,14934.87,34.78
Ghana,GHA,2000,3.629,458.62,24649.03,31.59
Ghana,GHA,2001,2.544,571.62,25022.52,45.65
Ghana,GHA,2002,4.679,487.44,23829.24,33.25
Ghana,GHA,2003,6.606,509.69,26011.54,31.34
Ghana,GHA,2004,6.314,533.01,28056.29,38.93
Ghana,GHA,2005,6.966,497.48,26816.35,39.25
Ghana,GHA,2006,6.171,443.56,26489.25,36.96
Ghana,GHA,2007,5.072,533.3,27674.26,41.64
Ghana,GHA,2008,6.752,519.9,27003.25,45.41
Ghana,GHA,2009,6.707,564.26,25791.2,49.88
Ghana,GHA,2010,5.664,523.82,27781.6,38.79
Ghana,GHA,2011,5.646,520.19,29527.1,35.32
Ghana,GHA,2012,4.332,516.17,31150.45,41.94
Ghana,GHA,2013,6.496,505.07,26934.28,40.26
Ghana,GHA,2014,3.717,562.52,26846.74,41.14
Ghana,GHA,2015,7.028,538.09,30106.53,53.58
Ghana,GHA,2016,3.871,477.0,32205.7,43.41
Ghana,GHA,2017,6.184,451.33,24746.93,44.85
Ghana,GHA,2018,8.108,546.95,32583.99,43.59
Ghana,GHA,2019,7.405,550.14,25639.38,43.8
Ghana,GHA,2020,6.459,518.35,32280.34,40.41
Ghana,GHA,2021,4.464,553.41,34775.49,52.57
Ghana,GHA,2022,6.366,525.75,27168.84,44.75
Ghana,GHA,2023,6.389,486.92,30385.01,48.06
Serbia,SRB,2000,12.155,705.92,59463.38,75.97
Serbia,SRB,2001,11.594,698.48,57807.17,78.25
Serbia,SRB,2002,10.414,753.12,52639.57,85.15
Serbia,SRB,2003,12.389,733.56,56312.9,81.87
Serbia,SRB,2004,14.158,802.8,58961.54,95.63
Serbia,SRB,2005,12.393,762.91,59341.53,79.69
Serbia,SRB,2006,13.216,724.33,59174.79,82.12
Serbia,SRB,2007,15.971,723.82,56180.87,73.86
Serbia,SRB,2008,13.576,804.71,58005.63,79.4
Serbia,SRB,2009,9.774,767.76,55368.57,83.26
Serbia,SRB,2010,11.569,801.98,58609.92,80.3
Serbia,SRB,2011,11.33,773.02,59789.02,78.35
Serbia,SRB,2012,10.945,776.21,62370.46,87.54
Serbia,SRB,2013,13.617,757.69,55046.43,89.52
Serbia,SRB,2014,13.976,794.65,53373.69,78.89
Serbia,SRB,2015,9.644,664.23,59619.69,88.89
Serbia,SRB,2016,13.223,760.23,58219.09,80.04
Serbia,SRB,2017,11.147,787.46,58593.51,89.2
Serbia,SRB,2018,11.573,739.76,59338.53,82.49
Serbia,SRB,2019,12.219,722.05,59322.17,77.38
Serbia,SRB,2020,14.825,782.13,63416.62,77.98
Serbia,SRB,2021,13.666,792.4,59708.06,86.56
Serbia,SRB,2022,12.515,750.09,58390.28,91.12
Serbia,SRB,2023,13.817,763.04,58282.01,86.3
Lebanon,LBN,2000,10.265,704.37,51979.8,70.1
Lebanon,LBN,2001,9.941,729.92,53581.39,79.46
Lebanon,LBN,2002,12.055,706.04,54211.03,80.32
Lebanon,LBN,2003,13.011,786.99,49373.7,77.39
Lebanon,LBN,2004,9.671,724.08,51200.64,86.74
Lebanon,LBN,2005,11.58,759.3,54283.05,72.09
Lebanon,LBN,2006,10.928,737.84,49948.97,73.12
Lebanon,LBN,2007,12.796,687.6,53174.65,74.14
Lebanon,LBN,2008,13.113,688.53,48212.26,68.62
Lebanon,LBN,2009,11.337,717.54,54391.67,89.32
Lebanon,LBN,2010,11.515,688.68,49119.85,88.74
Lebanon,LBN,2011,11.14,725.49,52451.55,76.4
Lebanon,LBN,2012,12.472,741.53,51993.67,72.84
Lebanon,LBN,2013,13.226,721.77,50038.43,69.29
Lebanon,LBN,2014,10.295,677.6,53860.83,82.05
Lebanon,LBN,2015,8.757,733.32,54928.79,70.93
Lebanon,LBN,2016,11.119,671.69,54890.9,78.85
Lebanon,LBN,2017,9.751,664.94,49769.93,76.25
Lebanon,LBN,2018,11.688,755.75,52329.19,85.53
Lebanon,LBN,2019,10.589,737.94,50801.9,77.85
Lebanon,LBN,2020,11.355,692.87,54369.36,74.69
Lebanon,LBN,2021,10.306,754.38,52745.16,86.79
Lebanon,LBN,2022,14.958,742.44,56801.57,72.39
Lebanon,LBN,2023,12.5,739.34,56119.7,83.22
Azerbaijan,AZE,2000,4.954,526.27,25708.68,39.13
Azerbaijan,AZE,2001,5.913,512.0,28605.94,35.85
Azerbaijan,AZE,2002,4.323,465.07,27100.62,41.06
Azerbaijan,AZE,2003,6.067,515.11,18851.82,38.25
Azerbaijan,AZE,2004,4.668,490.85,24376.66,41.48
Azerbaijan,AZE,2005,5.428,500.27,24582.39,38.25
Azerbaijan,AZE,2006,4.985,524.97,26076.02,42.74
Azerbaijan,AZE,2007,6.787,454.0,26852.27,52.71
Azerbaijan,AZE,2008,5.359,494.25,25507.37,44.09
Azerbaijan,AZE,2009,4.575,445.87,27178.47,43.41
Azerbaijan,AZE,2010,7.415,462.04,25712.88,35.57
Azerbaijan,AZE,2011,4.32,498.15,26338.79,41.48
Azerbaijan,AZE,2012,5.211,489.09,27403.53,43.97
Azerbaijan,AZE,2013,5.871,477.19,21659.33,37.21
Azerbaijan,AZE,2014,4.855,539.63,25418.52,52.24
Azerbaijan,AZE,2015,6.669,431.95,22558.72,34.47
Azerbaijan,AZE,2016,5.018,545.14,24701.23,45.83
Azerbaijan,AZE,2017,5.001,524.67,25766.8,34.85
Azerbaijan,AZE,2018,4.743,552.36,31793.25,39.3
Azerbaijan,AZE,2019,4.494,480.0,31331.22,43.19
Azerbaijan,AZE,2020,6.874,517.78,33490.8,34.26
Azerbaijan,AZE,2021,7.855,504.61,28891.11,49.96
Azerbaijan,AZE,2022,5.657,494.16,33860.94,42.62
Azerbaijan,AZE,2023,6.705,524.4,26695.14,37.07
Tanzania,TZA,2000,0.584,340.79,7439.64,25.96
Tanzania,TZA,2001,2.831,340.64,7607.78,20.77
Tanzania,TZA,2002,1.518,398.71,8232.03,7.77
Tanzania,TZA,2003,1.334,342.65,13052.88,16.55
Tanzania,TZA,2004,3.382,363.34,10042.69,30.71
Tanzania,TZA,2005,1.57,341.42,8369.6,23.47
Tanzania,TZA,2006,0.64,358.04,9950.61,7.58
Tanzania,TZA,2007,2.72,421.11,7903.63,19.69
Tanzania,TZA,2008,2.264,333.08,12413.8,10.12
Tanzania,TZA,2009,2.536,388.55,11628.3,27.84
Tanzania,TZA,2010,3.616,338.46,12877.15,19.58
Tanzania,TZA,2011,2.973,378.27,6185.71,14.75
Tanzania,TZA,2012,1.619,351.06,14617.14,16.85
Tanzania,TZA,2013,1.342,349.92,7186.46,20.06
Tanzania,TZA,2014,3.044,411.07,4129.13,27.92
Tanzania,TZA,2015,3.326,377.04,8077.59,27.0
Tanzania,TZA,2016,2.129,392.19,15677.97,11.49
Tanzania,TZA,2017,2.237,373.79,14816.75,20.64
Tanzania,TZA,2018,2.741,362.8,6341.84,20.54
Tanzania,TZA,2019,1.208,419.94,13656.94,17.75
Tanzania,TZA,2020,1.915,420.89,12323.33,10.15
Tanzania,TZA,2021,3.825,420.78,12354.75,22.52
Tanzania,TZA,2022,2.766,382.2,9309.13,26.03
Tanzania,TZA,2023,3.227,388.92,14465.71,16.99
Bolivia,BOL,2000,2.476,379.23,7831.83,22.07
Bolivia,BOL,2001,1.805,317.59,8978.9,13.02
Bolivia,BOL,2002,2.198,314.68,6994.34,6.69
Bolivia,BOL,2003,4.066,357.44,9435.15,17.25
Bolivia,BOL,2004,1.608,382.09,7553.61,20.13
Bolivia,BOL,2005,3.218,350.14,10725.77,8.4
Bolivia,BOL,2006,3.406,300.0,12422.38,7.28
Bolivia,BOL,2007,0.65,367.75,13539.05,29.67
Bolivia,BOL,2008,4.909,355.46,6039.33,20.85
Bolivia,BOL,2009,1.349,355.16,3870.38,19.61
Bolivia,BOL,2010,0.1,385.13,8998.23,15.19
Bolivia,BOL,2011,3.099,340.66,10062.86,14.02
Bolivia,BOL,2012,0.566,364.96,9815.48,18.84
Bolivia,BOL,2013,1.82,354.42,6351.24,9.91
Bolivia,BOL,2014,2.422,380.36,11363.74,18.49
Bolivia,BOL,2015,2.531,372.55,7102.19,11.34
Bolivia,BOL,2016,1.338,365.24,7375.75,18.38
Bolivia,BOL,2017,3.25,380.76,9597.48,21.71
Bolivia,BOL,2018,0.917,337.73,10641.02,23.53
Bolivia,BOL,2019,4.301,343.9,9503.34,27.62
Bolivia,BOL,2020,2.652,341.18,10537.33,15.54
Bolivia,BOL,2021,3.758,363.26,13243.71,15.37
Bolivia,BOL,2022,3.445,388.51,17108.12,15.24
Bolivia,BOL,2023,3.316,302.27,8091.83,18.89
Paraguay,PRY,2000,7.271,545.54,22407.61,50.2
Paraguay,PRY,2001,6.344,544.34,22351.0,50.47
Paraguay,PRY,2002,7.395,508.07,27231.2,47.02
Paraguay,PRY,2003,5.677,486.24,28752.7,31.5
Paraguay,PRY,2004,6.56,532.29,24821.89,36.03
Paraguay,PRY,2005,4.8,609.99,29601.98,40.67
Paraguay,PRY,2006,6.212,503.91,25016.04,37.72
Paraguay,PRY,2007,6.449,511.59,26051.64,50.7
Paraguay,PRY,2008,6.719,490.18,26881.66,44.31
Paraguay,PRY,2009,5.424,528.12,26609.7,38.72
Paraguay,PRY,2010,3.768,500.97,22517.39,38.07
Paraguay,PRY,2011,5.656,461.07,28888.29,42.3
Paraguay,PRY,2012,6.274,498.21,27017.02,44.69
Paraguay,PRY,2013,6.921,501.46,27791.23,34.04
Paraguay,PRY,2014,6.122,532.36,29679.78,41.85
Paraguay,PRY,2015,6.89,567.53,23410.32,36.14
Paraguay,PRY,2016,5.184,526.89,30206.18,49.06
Paraguay,PRY,2017,6.525,569.05,27405.97,47.64
Paraguay,PRY,2018,6.142,541.53,30104.7,37.54
Paraguay,PRY,2019,6.747,556.26,28987.21,44.91
Paraguay,PRY,2020,5.501,518.03,23765.43,35.29
Paraguay,PRY,2021,6.887,455.91,31438.12,49.88
Paraguay,PRY,2022,7.044,525.5,28828.03,37.32
Paraguay,PRY,2023,4.422,497.28,31178.49,43.68
Latvia,LVA,2000,9.075,492.5,32072.48,47.95
Latvia,LVA,2001,7.674,610.22,33589.81,58.08
Latvia,LVA,2002,6.386,605.08,30329.39,47.01
Latvia,LVA,2003,8.134,566.04,29024.27,55.04
Latvia,LVA,2004,7.871,571.08,29255.88,54.13
Latvia,LVA,2005,8.224,471.57,31076.94,49.56
Latvia,LVA,2006,7.658,557.25,33883.28,54.86
Latvia,LVA,2007,7.158,601.8,28714.03,60.2
Latvia,LVA,2008,7.199,539.31,32381.86,53.44
Latvia,LVA,2009,6.912,584.51,33018.53,50.65
Latvia,LVA,2010,7.902,578.28,39469.71,41.6
Latvia,LVA,2011,6.519,604.41,37437.96,56.72
Latvia,LVA,2012,8.926,570.01,35050.66,47.36
Latvia,LVA,2013,8.01,576.96,32594.18,56.24
Latvia,LVA,2014,10.411,541.25,34196.6,43.92
Latvia,LVA,2015,8.758,599.59,34885.69,47.03
Latvia,LVA,2016,8.41,552.95,30234.51,54.26
Latvia,LVA,2017,8.985,599.82,36771.02,45.78
Latvia,LVA,2018,6.118,589.18,32274.89,42.87
Latvia,LVA,2019,7.411,586.28,38503.44,50.73
Latvia,LVA,2020,5.559,621.43,35352.11,41.1
Latvia,LVA,2021,9.543,590.25,33450.42,55.65
Latvia,LVA,2022,5.778,578.64,37446.39,53.53
Latvia,LVA,2023,6.704,574.33,41204.11,49.03
Estonia,EST,2000,4.765,424.37,17236.61,29.07
Estonia,EST,2001,3.025,429.78,15308.62,39.72
Estonia,EST,2002,2.778,384.58,18142.85,32.67
Estonia,EST,2003,3.442,434.96,16717.27,32.0
Estonia,EST,2004,4.601,445.4,16011.37,38.91
Estonia,EST,2005,2.21,426.59,15320.05,40.23
Estonia,EST,2006,3.785,487.19,11841.99,31.78
Estonia,EST,2007,4.379,430.68,16540.45,19.45
Estonia,EST,2008,4.21,401.32,15498.22,29.3
Estonia,EST,2009,4.943,437.97,18847.69,24.83
Estonia,EST,2010,4.764,472.33,17621.75,20.4
Estonia,EST,2011,3.391,431.95,15097.5,28.88
Estonia,EST,2012,4.09,446.24,19814.67,33.3
Estonia,EST,2013,3.209,330.46,20683.54,23.98
Estonia,EST,2014,3.764,422.55,19360.31,34.39
Estonia,EST,2015,5.538,452.73,16838.46,34.26
Estonia,EST,2016,4.1,431.12,14555.4,32.59
Estonia,EST,2017,3.754,420.24,18062.88,22.75
Estonia,EST,2018,4.147,509.34,21617.0,27.88
Estonia,EST,2019,3.342,472.26,21393.83,28.99
Estonia,EST,2020,4.032,452.31,17691.66,24.59
Estonia,EST,2021,4.173,401.44,16702.72,29.2
Estonia,EST,2022,2.592,465.42,19354.39,22.85
Estonia,EST,2023,3.362,389.96,20339.94,44.07
Bahrain,BHR,2000,11.632,780.66,58895.95,87.91
Bahrain,BHR,2001,13.443,813.35,67357.55,100.0
Bahrain,BHR,2002,14.258,814.2,58259.24,87.83
Bahrain,BHR,2003,14.555,758.25,64806.76,90.43
Bahrain,BHR,2004,13.962,850.0,60785.42,88.48
Bahrain,BHR,2005,16.981,796.51,60567.67,87.8
Bahrain,BHR,2006,13.962,836.8,64607.53,86.86
Bahrain,BHR,2007,13.781,796.39,64665.35,94.95
Bahrain,BHR,2008,14.069,848.6,63485.04,81.41
Bahrain,BHR,2009,12.181,743.11,55268.03,90.91
Bahrain,BHR,2010,14.023,739.65,61578.1,82.82
Bahrain,BHR,2011,14.833,825.39,65338.09,73.96
Bahrain,BHR,2012,12.714,807.11,64467.78,76.49
Bahrain,BHR,2013,11.082,849.9,64256.45,84.32
Bahrain,BHR,2014,13.805,850.0,65030.92,100.0
Bahrain,BHR,2015,15.401,744.68,60387.73,75.21
Bahrain,BHR,2016,13.099,806.26,66203.74,86.75
Bahrain,BHR,2017,14.201,806.74,62001.14,86.82
Bahrain,BHR,2018,16.171,828.08,63935.39,87.72
Bahrain,BHR,2019,12.579,786.67,67621.62,92.03
Bahrain,BHR,2020,15.77,850.0,65161.72,94.35
Bahrain,BHR,2021,14.713,703.21,67962.87,94.49
Bahrain,BHR,2022,12.928,824.71,62913.93,95.48
Bahrain,BHR,2023,13.623,797.95,63877.3,100.0
Iceland,ISL,2000,7.342,685.63,44131.67,55.06
Iceland,ISL,2001,8.711,568.89,45140.35,75.0
Iceland,ISL,2002,9.574,568.07,39559.15,51.99
Iceland,ISL,2003,8.203,601.79,45234.85,62.85
Iceland,ISL,2004,10.143,643.24,41304.54,61.37
Iceland,ISL,2005,8.685,661.28,39585.93,57.46
Iceland,ISL,2006,9.986,569.52,43020.12,63.85
Iceland,ISL,2007,11.107,620.81,45641.93,65.85
Iceland,ISL,2008,9.632,703.21,42944.32,59.56
Iceland,ISL,2009,9.966,622.07,43494.8,70.6
Iceland,ISL,2010,10.475,645.39,43339.11,69.79
Iceland,ISL,2011,10.48,649.57,42401.44,64.65
Iceland,ISL,2012,10.145,679.24,39051.72,66.23
Iceland,ISL,2013,10.529,651.48,40900.48,57.39
Iceland,ISL,2014,8.717,677.57,42503.41,61.42
Iceland,ISL,2015,10.142,712.46,41642.14,61.14
Iceland,ISL,2016,9.385,607.07,43296.66,66.66
Iceland,ISL,2017,9.077,655.06,42551.97,70.95
Iceland,ISL,2018,11.19,679.87,43158.67,60.41
Iceland,ISL,2019,7.38,686.27,43452.89,65.25
Iceland,ISL,2020,9.215,698.06,41159.94,62.13
Iceland,ISL,2021,11.036,601.19,43461.54,61.64
Iceland,ISL,2022,8.741,629.53,53467.99,57.29
Iceland,ISL,2023,10.73,714.33,45179.58,53.64
Cyprus,CYP,2000,8.817,607.44,38969.16,51.26
Cyprus,CYP,2001,7.575,589.64,34608.0,63.24
Cyprus,CYP,2002,6.677,518.01,34816.8,47.94
Cyprus,CYP,2003,8.304,595.01,35822.23,58.13
Cyprus,CYP,2004,10.341,581.16,36023.81,62.6
Cyprus,CYP,2005,5.928,622.14,37849.18,50.43
Cyprus,CYP,2006,6.384,562.99,35921.83,57.89
Cyprus,CYP,2007,9.017,592.22,40640.62,55.11
Cyprus,CYP,2008,6.525,626.15,36246.07,44.19
Cyprus,CYP,2009,8.344,625.15,33918.33,57.63
Cyprus,CYP,2010,9.684,555.87,41890.3,52.99
Cyprus,CYP,2011,8.524,600.73,36501.0,54.1
Cyprus,CYP,2012,8.0,602.17,39571.61,52.87
Cyprus,CYP,2013,6.95,553.01,38815.6,53.16
Cyprus,CYP,2014,8.048,676.8,39755.83,44.72
Cyprus,CYP,2015,7.075,626.17,36591.94,47.53
Cyprus,CYP,2016,6.472,620.68,40375.64,50.0
Cyprus,CYP,2017,6.802,635.56,42027.06,43.43
Cyprus,CYP,2018,8.457,596.66,39760.59,59.17
Cyprus,CYP,2019,7.16,593.2,36872.54,50.19
Cyprus,CYP,2020,6.364,614.67,40849.02,59.72
Cyprus,CYP,2021,7.021,637.92,38735.86,49.81
Cyprus,CYP,2022,7.909,573.86,40414.23,48.11
Cyprus,CYP,2023,8.257,612.42,38980.44,53.18
Jordan,JOR,2000,1.109,337.89,5690.88,11.48
Jordan,JOR,2001,0.1,347.55,7702.03,19.13
Jordan,JOR,2002,1.198,332.48,7394.06,5.0
Jordan,JOR,2003,0.277,366.16,3270.64,14.28
Jordan,JOR,2004,1.689,346.02,3406.61,17.76
Jordan,JOR,2005,3.108,342.98,2878.67,19.73
Jordan,JOR,2006,0.917,300.0,6134.31,25.11
Jordan,JOR,2007,0.353,358.0,9371.41,15.55
Jordan,JOR,2008,1.591,376.08,8182.51,20.37
Jordan,JOR,2009,0.666,340.86,6275.99,17.78
Jordan,JOR,2010,0.1,370.56,9097.49,8.25
Jordan,JOR,2011,1.475,353.25,9529.65,16.39
Jordan,JOR,2012,2.556,332.75,11323.56,16.64
Jordan,JOR,2013,0.488,320.81,3117.09,21.79
Jordan,JOR,2014,0.589,363.37,10360.53,9.77
Jordan,JOR,2015,1.092,307.33,10310.15,29.42
Jordan,JOR,2016,0.1,309.08,6340.65,29.66
Jordan,JOR,2017,0.989,324.48,8685.59,11.26
Jordan,JOR,2018,1.257,383.78,3329.05,19.47
Jordan,JOR,2019,0.1,362.1,8178.23,20.68
Jordan,JOR,2020,0.583,329.69,5614.99,5.0
Jordan,JOR,2021,0.763,337.29,7053.29,5.03
Jordan,JOR,2022,0.179,375.35,11002.86,11.75
Jordan,JOR,2023,0.1,353.71,10952.88,14.73
Honduras,HND,2000,12.576,715.82,52714.12,86.83
Honduras,HND,2001,12.55,789.59,60665.95,94.04
Honduras,HND,2002,12.75,708.91,57177.22,76.55
Honduras,HND,2003,12.46,703.41,52835.7,85.02
Honduras,HND,2004,12.273,702.25,58799.89,83.41
Honduras,HND,2005,12.115,771.43,56682.94,88.13
Honduras,HND,2006,12.18,774.94,56466.6,80.85
Honduras,HND,2007,12.388,720.44,52661.05,81.1
Honduras,HND,2008,10.985,737.66,63528.03,90.71
Honduras,HND,2009,13.195,711.86,59696.04,85.51
Honduras,HND,2010,11.878,765.04,57582.42,83.52
Honduras,HND,2011,12.872,662.35,56118.38,70.44
Honduras,HND,2012,9.693,716.67,60054.42,69.88
Honduras,HND,2013,10.941,764.08,57590.9,74.06
Honduras,HND,2014,11.185,792.88,57848.34,82.77
Honduras,HND,2015,13.544,771.22,53695.69,83.64
Honduras,HND,2016,14.853,793.94,60702.33,81.15
Honduras,HND,2017,12.39,729.72,63014.97,79.81
Honduras,HND,2018,13.68,681.45,55957.2,74.92
Honduras,HND,2019,13.323,820.84,57736.0,90.94
Honduras,HND,2020,12.348,786.12,59213.31,75.4
Honduras,HND,2021,13.41,752.73,60465.38,77.07
Honduras,HND,2022,13.929,765.96,58821.35,77.95
Honduras,HND,2023,12.96,738.92,62401.2,76.37
Cambodia,KHM,2000,11.536,703.36,57158.45,71.58
Cambodia,KHM,2001,12.976,754.0,54800.6,78.26
Cambodia,KHM,2002,12.108,724.86,53065.56,80.64
Cambodia,KHM,2003,12.444,796.81,55350.46,81.29
Cambodia,KHM,2004,12.821,725.79,55243.38,76.6
Cambodia,KHM,2005,11.814,779.1,55093.11,81.45
Cambodia,KHM,2006,11.806,733.35,49209.19,79.84
Cambodia,KHM,2007,11.942,746.09,54995.88,81.44
Cambodia,KHM,2008,11.272,746.34,51473.78,86.13
Cambodia,KHM,2009,12.382,778.58,53551.27,68.15
Cambodia,KHM,2010,13.345,774.73,53917.55,71.33
Cambodia,KHM,2011,13.458,745.5,60189.27,71.85
Cambodia,KHM,2012,12.02,762.22,55316.17,61.6
Cambodia,KHM,2013,11.111,680.2,56153.0,70.7
Cambodia,KHM,2014,12.806,800.89,59635.26,77.74
Cambodia,KHM,2015,10.016,791.19,57048.63,72.67
Cambodia,KHM,2016,13.104,795.31,59661.8,72.85
Cambodia,KHM,2017,13.258,801.83,59799.48,64.16
Cambodia,KHM,2018,11.778,775.97,57811.01,80.24
Cambodia,KHM,2019,14.209,726.64,56389.78,80.41
Cambodia,KHM,2020,11.363,709.91,55082.4,73.99
Cambodia,KHM,2021,12.978,776.39,58387.58,74.62
Cambodia,KHM,2022,12.084,803.68,60496.75,72.93
Cambodia,KHM,2023,11.126,837.61,58619.79,75.96
Senegal,SEN,2000,3.173,506.67,24219.83,47.87
Senegal,SEN,2001,8.804,474.15,27480.89,47.4
Senegal,SEN,2002,6.946,531.88,27360.2,39.9
Senegal,SEN,2003,4.863,458.6,24295.59,38.17
Senegal,SEN,2004,3.033,548.87,24935.55,48.1
Senegal,SEN,2005,4.687,490.58,22416.12,51.16
Senegal,SEN,2006,6.244,513.79,23869.83,33.07
Senegal,SEN,2007,4.508,538.99,25051.71,45.01
Senegal,SEN,2008,7.653,538.87,24639.85,27.99
Senegal,SEN,2009,7.314,484.1,22296.13,43.23
Senegal,SEN,2010,4.459,524.52,22703.5,45.26
Senegal,SEN,2011,5.477,469.93,27336.7,47.38
Senegal,SEN,2012,4.228,513.9,21433.11,39.94
Senegal,SEN,2013,5.524,575.13,27481.52,48.83
Senegal,SEN,2014,6.26,488.65,24409.78,41.24
Senegal,SEN,2015,7.156,494.83,25863.9,38.3
Senegal,SEN,2016,6.36,478.66,24306.73,53.57
Senegal,SEN,2017,5.543,585.09,25722.81,38.35
Senegal,SEN,2018,4.649,504.26,24930.99,35.02
Senegal,SEN,2019,6.833,574.31,23250.47,41.66
Senegal,SEN,2020,4.624,513.6,27194.47,33.23
Senegal,SEN,2021,5.947,505.93,29521.96,30.06
Senegal,SEN,2022,6.137,476.04,27113.76,46.01
Senegal,SEN,2023,4.202,495.7,31725.5,37.52
Uganda,UGA,2000,1.405,414.68,11400.54,15.41
Uganda,UGA,2001,1.855,426.32,12456.61,31.03
Uganda,UGA,2002,2.126,456.33,14409.99,16.3
Uganda,UGA,2003,3.331,413.3,15166.92,19.65
Uganda,UGA,2004,3.331,382.63,15782.35,23.18
Uganda,UGA,2005,3.688,364.28,14904.34,29.88
Uganda,UGA,2006,3.337,464.95,14482.25,31.45
Uganda,UGA,2007,1.248,437.75,14597.26,26.13
Uganda,UGA,2008,3.549,414.94,11722.79,30.78
Uganda,UGA,2009,2.184,399.54,15938.81,11.88
Uganda,UGA,2010,3.219,452.46,15060.08,25.43
Uganda,UGA,2011,3.322,400.37,15419.51,23.5
Uganda,UGA,2012,2.972,412.6,12988.58,37.18
Uganda,UGA,2013,2.78,410.96,13395.47,23.25
Uganda,UGA,2014,2.703,496.18,16866.37,29.03
Uganda,UGA,2015,4.955,405.38,10976.59,25.6
Uganda,UGA,2016,3.398,398.66,17187.28,35.73
Uganda,UGA,2017,1.233,498.29,13205.14,23.02
Uganda,UGA,2018,2.07,413.53,14189.46,20.39
Uganda,UGA,2019,2.803,446.91,13486.3,22.94
Uganda,UGA,2020,3.456,373.36,17332.73,25.37
Uganda,UGA,2021,5.061,445.15,16643.4,27.87
Uganda,UGA,2022,0.219,386.89,16475.22,26.7
Uganda,UGA,2023,2.667,340.68,13999.74,27.37
Zambia,ZMB,2000,14.68,813.19,61690.92,91.58
Zambia,ZMB,2001,14.325,772.12,56333.9,86.45
Zambia,ZMB,2002,13.924,779.64,59790.11,85.71
Zambia,ZMB,2003,13.385,720.36,58236.2,86.51
Zambia,ZMB,2004,14.986,814.62,60642.26,85.54
Zambia,ZMB,2005,14.141,802.63,60457.56,83.51
Zambia,ZMB,2006,13.479,778.75,62521.17,88.77
Zambia,ZMB,2007,13.986,788.49,60294.63,91.07
Zambia,ZMB,2008,10.499,795.83,63091.81,87.63
Zambia,ZMB,2009,12.482,808.82,62390.09,73.44
Zambia,ZMB,2010,15.096,746.23,63584.71,82.7
Zambia,ZMB,2011,14.369,802.63,59175.27,89.51
Zambia,ZMB,2012,11.797,766.93,63171.14,83.83
Zambia,ZMB,2013,14.678,808.15,59226.76,87.2
Zambia,ZMB,2014,14.806,783.45,62262.58,75.19
Zambia,ZMB,2015,12.123,850.0,59423.48,89.35
Zambia,ZMB,2016,11.548,729.5,64454.74,93.76
Zambia,ZMB,2017,13.004,765.13,60354.32,80.35
Zambia,ZMB,2018,11.27,758.16,64276.26,93.11
Zambia,ZMB,2019,14.625,774.51,60302.23,86.59
Zambia,ZMB,2020,13.085,831.72,66089.27,92.3
Zambia,ZMB,2021,13.978,782.5,63901.77,78.31
Zambia,ZMB,2022,13.774,829.39,65740.87,74.66
Zambia,ZMB,2023,13.602,821.35,66716.17,85.08
Albania,ALB,2000,7.236,502.69,26086.35,41.26
Albania,ALB,2001,6.193,511.58,26916.31,40.65
Albania,ALB,2002,5.227,529.37,27350.48,43.37
Albania,ALB,2003,5.196,516.45,32777.35,38.07
Albania,ALB,2004,7.522,576.91,24960.81,36.62
Albania,ALB,2005,6.264,564.13,28831.98,41.41
Albania,ALB,2006,9.472,455.88,34073.88,44.72
Albania,ALB,2007,5.442,481.85,31871.62,37.88
Albania,ALB,2008,7.593,535.95,28566.88,34.09
Albania,ALB,2009,7.611,557.8,29385.58,41.72
Albania,ALB,2010,6.536,524.57,28097.09,52.17
Albania,ALB,2011,4.715,501.57,26315.95,46.93
Albania,ALB,2012,6.419,480.66,32268.53,50.53
Albania,ALB,2013,4.885,558.75,31650.39,48.98
Albania,ALB,2014,6.852,570.46,29398.12,39.47
Albania,ALB,2015,5.705,562.96,30733.87,45.13
Albania,ALB,2016,6.245,554.83,26869.23,49.84
Albania,ALB,2017,5.297,522.67,31686.84,37.9
Albania,ALB,2018,4.205,569.27,29290.03,38.14
Albania,ALB,2019,5.133,586.04,32880.0,38.08
Albania,ALB,2020,5.239,536.5,34424.31,50.63
Albania,ALB,2021,5.302,567.92,32339.02,46.61
Albania,ALB,2022,7.417,565.87,34369.95,52.78
Albania,ALB,2023,7.365,524.96,32497.32,37.72
Mongolia,MNG,2000,5.298,636.95,39474.26,62.13
Mongolia,MNG,2001,9.549,577.92,40953.04,61.76
Mongolia,MNG,2002,10.213,660.61,40462.82,64.46
Mongolia,MNG,2003,10.58,619.68,37991.25,59.33
Mongolia,MNG,2004,11.21,645.01,44611.37,54.22
Mongolia,MNG,2005,9.886,620.79,40512.98,56.19
Mongolia,MNG,2006,8.719,637.43,37054.52,57.8
Mongolia,MNG,2007,7.866,629.84,39515.43,59.45
Mongolia,MNG,2008,9.583,605.49,39349.58,64.53
Mongolia,MNG,2009,7.991,661.98,40830.02,51.5
Mongolia,MNG,2010,7.583,591.78,38428.38,72.75
Mongolia,MNG,2011,9.128,663.53,38067.55,61.97
Mongolia,MNG,2012,8.062,643.41,39852.69,66.16
Mongolia,MNG,2013,9.075,628.61,44804.72,63.22
Mongolia,MNG,2014,10.353,670.48,43418.87,60.45
Mongolia,MNG,2015,8.971,664.34,41445.7,61.3
Mongolia,MNG,2016,9.471,671.39,44138.46,57.1
Mongolia,MNG,2017,7.937,692.11,47479.11,55.15
Mongolia,MNG,2018,11.361,669.55,41195.46,57.58
Mongolia,MNG,2019,11.199,614.81,43757.58,65.57
Mongolia,MNG,2020,10.404,568.88,41446.73,57.18
Mongolia,MNG,2021,6.957,654.04,45789.07,55.78
Mongolia,MNG,2022,9.298,621.41,42970.79,63.03
Mongolia,MNG,2023,10.948,662.9,48503.46,57.76
Armenia,ARM,2000,0.832,344.97,10944.24,13.57
Armenia,ARM,2001,0.385,389.51,1600.23,27.78
Armenia,ARM,2002,0.592,306.5,7943.48,20.47
Armenia,ARM,2003,0.113,382.88,3853.05,14.9
Armenia,ARM,2004,2.89,379.9,9223.66,11.49
Armenia,ARM,2005,1.563,403.09,8129.64,21.1
Armenia,ARM,2006,1.374,411.69,9480.78,10.99
Armenia,ARM,2007,0.1,374.06,6828.92,16.06
Armenia,ARM,2008,2.325,341.92,9611.05,23.68
Armenia,ARM,2009,2.028,315.89,10733.69,20.28
Armenia,ARM,2010,2.266,382.33,8818.01,18.79
Armenia,ARM,2011,4.173,371.73,7433.57,16.98
Armenia,ARM,2012,0.972,375.33,12736.43,17.55
Armenia,ARM,2013,4.789,398.21,10249.9,19.66
Armenia,ARM,2014,1.427,318.67,7388.84,12.56
Armenia,ARM,2015,1.758,397.67,12034.67,23.27
Armenia,ARM,2016,2.684,444.55,10975.71,24.7
Armenia,ARM,2017,2.507,339.5,7367.41,10.04
Armenia,ARM,2018,1.158,423.07,9600.45,12.07
Armenia,ARM,2019,0.962,455.67,13004.41,26.67
Armenia,ARM,2020,1.85,380.47,9176.53,14.64
Armenia,ARM,2021,2.167,331.82,13871.87,25.78
Armenia,ARM,2022,3.835,404.2,13837.7,18.01
Armenia,ARM,2023,1.782,393.05,8219.39,6.64
Georgia,GEO,2000,10.05,639.29,45495.55,69.19
Georgia,GEO,2001,9.523,657.18,47700.03,73.57
Georgia,GEO,2002,13.162,690.87,48947.56,72.28
Georgia,GEO,2003,11.146,683.34,47913.39,75.0
Georgia,GEO,2004,10.504,620.35,48892.15,71.31
Georgia,GEO,2005,9.065,662.15,52438.37,71.69
Georgia,GEO,2006,13.887,677.19,51517.37,84.19
Georgia,GEO,2007,12.67,698.8,49344.51,70.76
Georgia,GEO,2008,11.585,724.68,47689.38,66.46
Georgia,GEO,2009,10.566,689.27,50571.43,66.59
Georgia,GEO,2010,11.369,686.87,50350.94,76.22
Georgia,GEO,2011,10.378,706.18,50800.26,78.35
Georgia,GEO,2012,9.743,642.36,48273.93,77.51
Georgia,GEO,2013,9.44,746.01,51716.41,85.22
Georgia,GEO,2014,13.663,639.78,50033.87,63.44
Georgia,GEO,2015,11.561,695.5,49922.26,66.55
Georgia,GEO,2016,11.051,730.38,53689.19,79.25
Georgia,GEO,2017,13.425,695.66,51095.18,73.08
Georgia,GEO,2018,11.05,676.85,48974.61,56.91
Georgia,GEO,2019,10.827,704.4,50030.17,63.76
Georgia,GEO,2020,12.195,750.51,50665.27,71.87
Georgia,GEO,2021,11.311,704.87,51788.2,71.92
Georgia,GEO,2022,9.574,729.39,52944.74,69.44
Georgia,GEO,2023,10.219,679.33,52803.08,69.99
Mozambique,MOZ,2000,9.193,661.55,44269.63,72.44
Mozambique,MOZ,2001,9.767,660.35,44422.94,68.05
Mozambique,MOZ,2002,9.558,643.31,49217.6,61.65
Mozambique,MOZ,2003,10.273,655.39,45064.4,69.44
Mozambique,MOZ,2004,12.556,658.39,46242.79,70.78
Mozambique,MOZ,2005,9.376,606.41,42838.13,67.55
Mozambique,MOZ,2006,10.242,639.82,43786.45,64.58
Mozambique,MOZ,2007,11.225,700.8,40789.86,58.92
Mozambique,MOZ,2008,9.48,625.32,46225.25,69.55
Mozambique,MOZ,2009,10.505,693.24,48282.05,74.29
Mozambique,MOZ,2010,7.097,653.41,44904.44,66.08
Mozambique,MOZ,2011,9.462,678.3,48054.0,71.7
Mozambique,MOZ,2012,10.794,696.44,46594.1,75.18
Mozambique,MOZ,2013,10.119,692.27,47801.0,63.62
Mozambique,MOZ,2014,9.472,724.82,48353.33,65.15
Mozambique,MOZ,2015,10.626,697.5,47367.04,72.11
Mozambique,MOZ,2016,10.943,652.47,52409.1,68.56
Mozambique,MOZ,2017,9.891,697.35,47695.84,68.57
Mozambique,MOZ,2018,11.468,658.59,44558.92,72.69
Mozambique,MOZ,2019,11.201,662.89,48644.65,74.05
Mozambique,MOZ,2020,10.75,629.13,47139.06,72.12
Mozambique,MOZ,2021,12.094,736.13,49812.6,64.8
Mozambique,MOZ,2022,8.985,665.28,49015.29,60.85
Mozambique,MOZ,2023,11.279,694.57,50484.27,81.82
Madagascar,MDG,2000,3.3,335.19,9832.82,15.2
Madagascar,MDG,2001,1.402,300.0,13127.91,23.78
Madagascar,MDG,2002,1.028,341.68,11874.78,20.93
Madagascar,MDG,2003,1.681,312.84,13877.37,21.6
Madagascar,MDG,2004,1.777,340.01,7288.93,21.8
Madagascar,MDG,2005,2.769,420.58,8965.06,22.34
Madagascar,MDG,2006,1.526,384.62,12195.76,18.46
Madagascar,MDG,2007,3.174,442.07,6976.95,5.0
Madagascar,MDG,2008,2.682,321.89,13307.28,6.82
Madagascar,MDG,2009,3.733,421.44,9078.04,21.88
Madagascar,MDG,2010,2.703,326.34,12290.94,25.15
Madagascar,MDG,2011,2.077,355.3,16920.56,20.51
Madagascar,MDG,2012,3.331,409.24,12416.57,25.97
Madagascar,MDG,2013,1.44,300.0,7141.22,19.83
Madagascar,MDG,2014,1.654,364.94,9484.76,23.51
Madagascar,MDG,2015,1.973,379.61,8607.62,23.37
Madagascar,MDG,2016,1.162,442.58,14270.52,8.04
Madagascar,MDG,2017,5.339,329.34,10934.85,14.81
Madagascar,MDG,2018,2.466,418.94,13123.17,32.5
Madagascar,MDG,2019,0.994,358.33,11381.3,24.54
Madagascar,MDG,2020,2.587,357.83,11586.92,24.3
Madagascar,MDG,2021,2.163,421.64,12913.59,16.48
Madagascar,MDG,2022,0.703,360.31,14437.74,26.98
Madagascar,MDG,2023,3.085,451.07,11713.53,17.5
Cameroon,CMR,2000,12.724,799.9,53029.61,79.31
Cameroon,CMR,2001,13.401,777.27,50501.16,72.31
Cameroon,CMR,2002,10.811,719.78,56862.91,72.23
Cameroon,CMR,2003,10.496,686.14,54530.04,73.19
Cameroon,CMR,2004,11.275,693.05,51785.92,81.33
Cameroon,CMR,2005,11.306,699.88,53324.87,75.03
Cameroon,CMR,2006,12.876,716.77,52671.49,77.01
Cameroon,CMR,2007,14.071,770.47,53597.59,68.44
Cameroon,CMR,2008,12.759,709.61,49258.09,78.08
Cameroon,CMR,2009,9.471,709.41,56014.52,67.62
Cameroon,CMR,2010,9.531,761.61,54965.02,84.29
Cameroon,CMR,2011,11.067,723.29,54888.68,85.37
Cameroon,CMR,2012,10.942,744.23,56143.52,85.51
Cameroon,CMR,2013,11.907,738.83,54150.8,71.23
Cameroon,CMR,2014,11.289,754.06,55048.14,77.23
Cameroon,CMR,2015,11.461,763.0,54569.0,77.18
Cameroon,CMR,2016,10.829,721.02,55689.58,71.85
Cameroon,CMR,2017,11.521,725.34,55793.55,79.45
Cameroon,CMR,2018,11.084,776.59,57493.22,81.36
Cameroon,CMR,2019,11.731,740.6,60330.86,74.13
Cameroon,CMR,2020,11.737,766.97,52632.92,74.93
Cameroon,CMR,2021,11.098,766.08,57184.58,72.36
Cameroon,CMR,2022,13.592,814.07,54086.75,80.07
Cameroon,CMR,2023,12.255,732.41,54875.52,89.08
Angola,AGO,2000,0.1,393.45,10901.84,23.65
Angola,AGO,2001,2.474,359.9,6868.9,20.29
Angola,AGO,2002,2.165,356.3,8937.57,20.57
Angola,AGO,2003,3.953,377.65,10752.06,9.81
Angola,AGO,2004,2.257,383.35,11487.73,17.87
Angola,AGO,2005,2.666,324.99,10674.94,24.43
Angola,AGO,2006,2.273,451.39,9462.95,22.37
Angola,AGO,2007,1.07,459.75,14736.49,18.64
Angola,AGO,2008,3.433,360.08,11314.25,16.98
Angola,AGO,2009,3.815,409.21,14911.37,17.01
Angola,AGO,2010,3.278,420.12,10960.04,20.38
Angola,AGO,2011,2.212,374.79,11731.35,16.31
Angola,AGO,2012,2.171,426.48,9433.56,29.01
Angola,AGO,2013,1.566,403.52,13930.47,14.84
Angola,AGO,2014,3.485,447.52,11472.15,18.8
Angola,AGO,2015,0.561,362.69,11674.44,22.71
Angola,AGO,2016,3.147,457.33,17274.94,18.49
Angola,AGO,2017,2.955,434.46,9512.46,20.21
Angola,AGO,2018,1.426,420.14,12101.85,23.54
Angola,AGO,2019,1.594,478.42,10434.44,25.99
Angola,AGO,2020,3.48,396.02,10662.85,28.71
Angola,AGO,2021,1.619,398.2,15740.04,15.64
Angola,AGO,2022,2.764,407.96,17765.23,29.09
Angola,AGO,2023,3.311,401.18,15646.47,18.37
Nepal,NPL,2000,5.202,547.59,21495.7,39.88
Nepal,NPL,2001,7.17,478.4,25007.26,43.95
Nepal,NPL,2002,6.213,456.13,24961.91,27.0
Nepal,NPL,2003,5.926,549.1,26477.16,48.95
Nepal,NPL,2004,7.166,574.74,22996.26,44.56
Nepal,NPL,2005,5.764,477.94,24747.13,48.92
Nepal,NPL,2006,6.73,506.36,23128.23,47.28
Nepal,NPL,2007,7.207,457.69,28419.04,42.11
Nepal,NPL,2008,3.498,507.76,24050.87,45.18
Nepal,NPL,2009,5.501,465.46,26619.5,37.46
Nepal,NPL,2010,3.842,432.08,25503.72,40.33
Nepal,NPL,2011,5.091,546.61,26282.22,38.55
Nepal,NPL,2012,5.959,506.93,26259.91,39.27
Nepal,NPL,2013,4.858,595.64,29062.48,44.06
Nepal,NPL,2014,6.092,553.08,27882.15,37.35
Nepal,NPL,2015,4.548,539.11,25069.61,48.81
Nepal,NPL,2016,4.274,522.08,29539.14,45.76
Nepal,NPL,2017,4.959,505.47,32371.99,41.16
Nepal,NPL,2018,6.928,503.06,29671.34,53.17
Nepal,NPL,2019,6.377,511.58,29503.52,48.77
Nepal,NPL,2020,6.695,541.24,29250.91,36.46
Nepal,NPL,2021,5.059,478.6,30173.53,48.58
Nepal,NPL,2022,7.896,517.41,31377.23,33.85
Nepal,NPL,2023,2.479,537.8,28860.83,40.76
Myanmar,MMR,2000,3.847,399.77,15142.01,21.18
Myanmar,MMR,2001,4.322,376.56,16107.26,32.76
Myanmar,MMR,2002,3.818,475.82,17429.71,31.99
Myanmar,MMR,2003,3.999,361.63,16209.99,30.48
Myanmar,MMR,2004,3.678,466.91,22923.68,32.98
Myanmar,MMR,2005,6.176,462.94,21090.36,27.4
Myanmar,MMR,2006,4.406,431.36,21434.31,28.79
Myanmar,MMR,2007,4.885,454.87,18815.62,32.5
Myanmar,MMR,2008,5.938,446.07,13129.18,31.62
Myanmar,MMR,2009,2.287,445.86,23264.67,29.54
Myanmar,MMR,2010,2.751,443.34,18296.3,32.08
Myanmar,MMR,2011,2.721,497.76,19045.65,33.61
Myanmar,MMR,2012,3.737,481.11,21067.78,33.46
Myanmar,MMR,2013,3.78,397.6,21097.32,31.94
Myanmar,MMR,2014,4.698,459.13,20599.48,43.76
Myanmar,MMR,2015,5.735,471.24,19073.38,21.34
Myanmar,MMR,2016,6.796,400.39,21406.19,35.27
Myanmar,MMR,2017,3.568,394.94,21877.5,29.13
Myanmar,MMR,2018,2.19,487.33,25499.82,34.95
Myanmar,MMR,2019,4.717,406.09,17500.34,36.6
Myanmar,MMR,2020,4.616,530.21,22578.4,33.15
Myanmar,MMR,2021,2.192,495.74,18565.4,44.26
Myanmar,MMR,2022,4.641,564.67,23956.33,37.65
Myanmar,MMR,2023,2.911,466.82,21260.32,23.45
Yemen,YEM,2000,11.021,727.27,54468.89,73.25
Yemen,YEM,2001,12.74,692.04,54250.24,72.27
Yemen,YEM,2002,10.936,691.33,54982.61,64.47
Yemen,YEM,2003,13.989,783.8,54116.19,80.58
Yemen,YEM,2004,12.583,763.75,49688.26,76.2
Yemen,YEM,2005,14.666,757.06,57883.13,70.21
Yemen,YEM,2006,11.97,696.25,51720.05,88.17
Yemen,YEM,2007,12.813,717.05,53653.56,83.7
Yemen,YEM,2008,11.526,775.82,49794.47,78.02
Yemen,YEM,2009,10.474,733.16,59106.03,69.8
Yemen,YEM,2010,12.383,730.33,55661.5,76.23
Yemen,YEM,2011,10.196,744.21,59011.76,83.54
Yemen,YEM,2012,12.591,750.07,60847.78,73.96
Yemen,YEM,2013,13.67,763.55,55649.89,81.31
Yemen,YEM,2014,10.966,750.7,60975.03,72.08
Yemen,YEM,2015,10.338,783.81,59689.87,77.38
Yemen,YEM,2016,10.619,723.56,56344.77,74.0
Yemen,YEM,2017,13.307,702.64,54568.3,80.34
Yemen,YEM,2018,11.953,680.0,55965.28,81.77
Yemen,YEM,2019,12.164,713.53,55459.39,80.65
Yemen,YEM,2020,10.813,802.47,52473.58,76.1
Yemen,YEM,2021,13.627,760.77,60600.5,87.96
Yemen,YEM,2022,13.902,789.26,54172.04,76.38
Yemen,YEM,2023,13.249,692.04,57254.61,63.43
Afghanistan,AFG,2000,6.75,421.15,24397.17,39.7
Afghanistan,AFG,2001,3.481,443.62,24671.48,26.74
Afghanistan,AFG,2002,5.92,496.58,25050.98,39.07
Afghanistan,AFG,2003,5.526,464.47,23856.56,32.18
Afghanistan,AFG,2004,5.128,582.5,21813.97,25.49
Afghanistan,AFG,2005,5.273,440.28,21823.24,31.99
Afghanistan,AFG,2006,5.318,452.7,22489.05,33.56
Afghanistan,AFG,2007,3.696,548.1,24084.74,41.67
Afghanistan,AFG,2008,5.356,473.06,17234.38,32.83
Afghanistan,AFG,2009,6.92,481.18,19071.88,36.44
Afghanistan,AFG,2010,8.047,523.25,25110.71,31.01
Afghanistan,AFG,2011,5.82,474.89,21515.41,23.4
Afghanistan,AFG,2012,4.441,491.61,25696.5,39.88
Afghanistan,AFG,2013,5.099,523.7,26460.14,39.28
Afghanistan,AFG,2014,5.539,532.12,25130.73,41.19
Afghanistan,AFG,2015,4.379,558.88,26815.49,47.08
Afghanistan,AFG,2016,4.821,473.37,30935.5,34.75
Afghanistan,AFG,2017,4.482,427.78,26573.89,35.68
Afghanistan,AFG,2018,4.494,481.25,24202.85,41.99
Afghanistan,AFG,2019,6.017,555.17,26625.11,30.74
Afghanistan,AFG,2020,5.388,487.19,25028.31,43.88
Afghanistan,AFG,2021,5.094,504.76,26091.91,42.19
Afghanistan,AFG,2022,5.855,448.47,24378.97,39.57
Afghanistan,AFG,2023,4.961,415.79,29283.69,37.96
Sudan,SDN,2000,14.328,747.11,52840.09,94.54
Sudan,SDN,2001,14.418,740.09,59247.21,87.49
Sudan,SDN,2002,12.702,732.39,55754.13,75.72
Sudan,SDN,2003,14.15,771.09,56362.04,79.75
Sudan,SDN,2004,13.739,778.11,60783.99,76.51
Sudan,SDN,2005,12.505,776.03,62006.25,78.97
Sudan,SDN,2006,14.09,722.32,56884.63,76.53
Sudan,SDN,2007,13.709,743.52,58559.24,86.86
Sudan,SDN,2008,11.172,759.39,56398.82,92.23
Sudan,SDN,2009,11.864,713.03,60852.51,81.21
Sudan,SDN,2010,11.53,739.17,58453.31,84.39
Sudan,SDN,2011,12.554,766.4,62879.04,79.64
Sudan,SDN,2012,14.267,742.27,55962.43,69.6
Sudan,SDN,2013,13.046,768.07,59053.41,86.39
Sudan,SDN,2014,12.116,752.51,59204.97,89.81
Sudan,SDN,2015,12.567,850.0,61828.61,78.19
Sudan,SDN,2016,13.668,786.02,60532.81,87.11
Sudan,SDN,2017,14.354,809.94,61140.49,89.38
Sudan,SDN,2018,11.796,781.75,54094.37,88.35
Sudan,SDN,2019,11.866,826.34,54215.88,75.46
Sudan,SDN,2020,15.039,763.16,60986.17,90.2
Sudan,SDN,2021,12.25,814.02,58992.37,78.7
Sudan,SDN,2022,12.375,829.79,62228.83,79.83
Sudan,SDN,2023,14.782,748.85,61370.29,76.6
North Macedonia,MKD,2000,11.654,758.17,48360.14,85.07
North Macedonia,MKD,2001,12.136,785.8,49568.84,68.9
North Macedonia,MKD,2002,9.779,647.92,48371.36,69.45
North Macedonia,MKD,2003,12.407,610.0,47985.87,78.06
North Macedonia,MKD,2004,13.373,661.81,51409.72,72.34
North Macedonia,MKD,2005,11.607,710.98,48729.61,58.39
North Macedonia,MKD,2006,10.942,708.36,50909.24,65.48
North Macedonia,MKD,2007,12.311,723.44,47930.53,70.72
North Macedonia,MKD,2008,10.373,690.72,52290.22,74.7
North Macedonia,MKD,2009,9.672,774.34,48635.6,75.11
North Macedonia,MKD,2010,13.177,711.51,52057.85,57.29
North Macedonia,MKD,2011,12.098,701.1,52885.5,73.74
North Macedonia,MKD,2012,10.589,669.71,51842.53,92.2
North Macedonia,MKD,2013,10.975,750.11,53686.75,68.28
North Macedonia,MKD,2014,10.616,647.95,54318.98,71.28
North Macedonia,MKD,2015,10.829,730.36,54914.29,75.62
North Macedonia,MKD,2016,11.68,754.64,51967.85,83.83
North Macedonia,MKD,2017,11.505,761.38,52205.16,69.23
North Macedonia,MKD,2018,11.678,765.63,59577.49,78.01
North Macedonia,MKD,2019,12.734,684.46,50542.42,73.44
North Macedonia,MKD,2020,11.579,712.32,53031.84,71.88
North Macedonia,MKD,2021,11.264,773.26,48514.95,84.4
North Macedonia,MKD,2022,11.066,663.2,49363.72,79.28
North Macedonia,MKD,2023,11.843,682.27,50893.96,71.53
Moldova,MDA,2000,12.328,702.75,53381.71,84.29
Moldova,MDA,2001,9.821,755.85,49151.56,79.75
Moldova,MDA,2002,12.64,697.34,55917.51,73.17
Moldova,MDA,2003,12.061,637.94,54006.71,78.46
Moldova,MDA,2004,11.673,750.68,56078.87,77.7
Moldova,MDA,2005,12.696,777.14,49275.79,64.93
Moldova,MDA,2006,10.937,732.18,53679.96,76.67
Moldova,MDA,2007,11.13,673.05,51052.7,77.12
Moldova,MDA,2008,12.992,725.96,55733.65,79.98
Moldova,MDA,2009,12.669,747.25,50998.24,86.54
Moldova,MDA,2010,11.201,682.91,54787.28,64.98
Moldova,MDA,2011,8.997,785.31,55210.75,86.27
Moldova,MDA,2012,12.174,691.05,55351.56,69.83
Moldova,MDA,2013,12.261,732.25,55383.43,70.58
Moldova,MDA,2014,11.263,748.9,52522.99,76.99
Moldova,MDA,2015,13.252,724.86,55762.67,74.98
Moldova,MDA,2016,13.114,711.84,54265.18,71.85
Moldova,MDA,2017,15.085,740.96,58114.26,72.13
Moldova,MDA,2018,11.25,754.41,58339.93,79.23
Moldova,MDA,2019,12.38,726.24,56513.25,83.07
Moldova,MDA,2020,11.296,724.49,56778.16,75.57
Moldova,MDA,2021,12.337,714.09,58454.84,66.72
Moldova,MDA,2022,14.299,768.08,57334.13,81.64
Moldova,MDA,2023,12.483,689.37,55018.51,74.13
Mauritius,MUS,2000,4.834,444.16,22636.78,26.9
Mauritius,MUS,2001,6.09,429.12,19359.92,32.14
Mauritius,MUS,2002,7.557,443.37,25594.17,25.41
Mauritius,MUS,2003,3.589,474.63,23384.01,33.79
Mauritius,MUS,2004,3.919,483.33,21843.97,39.65
Mauritius,MUS,2005,4.007,503.16,22970.39,34.64
Mauritius,MUS,2006,3.371,445.48,26450.29,33.31
Mauritius,MUS,2007,4.703,537.05,18579.04,35.46
Mauritius,MUS,2008,4.783,454.41,25049.14,32.59
Mauritius,MUS,2009,6.273,482.88,18979.16,37.57
Mauritius,MUS,2010,4.137,444.06,25840.13,29.33
Mauritius,MUS,2011,4.616,472.6,24630.96,41.11
Mauritius,MUS,2012,5.325,522.81,22706.02,34.9
Mauritius,MUS,2013,5.382,509.54,20183.38,39.09
Mauritius,MUS,2014,4.861,469.11,25143.71,34.35
Mauritius,MUS,2015,4.299,479.3,27535.38,45.01
Mauritius,MUS,2016,4.886,498.51,27609.06,34.82
Mauritius,MUS,2017,5.622,460.93,24648.11,47.01
Mauritius,MUS,2018,5.588,454.23,26338.5,38.27
Mauritius,MUS,2019,5.046,465.46,26221.6,42.4
Mauritius,MUS,2020,4.697,479.73,22604.79,43.09
Mauritius,MUS,2021,6.239,429.73,28322.44,44.17
Mauritius,MUS,2022,4.767,479.53,28414.33,27.69
Mauritius,MUS,2023,5.134,486.71,20564.14,38.16
Malta,MLT,2000,13.719,850.0,64386.45,83.06
Malta,MLT,2001,13.505,805.32,63872.85,94.86
Malta,MLT,2002,14.11,794.35,60651.59,83.71
Malta,MLT,2003,15.837,807.82,58581.08,95.16
Malta,MLT,2004,14.452,773.49,65598.75,80.85
Malta,MLT,2005,15.898,850.0,63625.46,100.0
Malta,MLT,2006,15.244,820.72,65850.03,93.48
Malta,MLT,2007,15.254,752.33,61532.86,100.0
Malta,MLT,2008,13.572,740.57,66034.84,88.22
Malta,MLT,2009,14.15,759.79,59258.71,90.97
Malta,MLT,2010,15.627,759.48,61607.7,87.1
Malta,MLT,2011,13.269,791.45,63648.12,97.21
Malta,MLT,2012,14.205,818.18,62221.07,77.71
Malta,MLT,2013,14.957,759.16,65196.84,82.28
Malta,MLT,2014,13.385,799.47,66073.43,90.66
Malta,MLT,2015,15.133,813.38,61262.65,95.65
Malta,MLT,2016,12.404,806.03,63959.63,84.89
Malta,MLT,2017,15.205,833.82,61389.85,86.67
Malta,MLT,2018,13.153,830.5,62818.46,93.43
Malta,MLT,2019,13.305,790.07,70476.53,80.64
Malta,MLT,2020,13.87,825.06,66177.14,89.5
Malta,MLT,2021,13.284,765.42,63376.59,77.91
Malta,MLT,2022,14.266,835.77,63948.37,78.76
Malta,MLT,2023,12.635,819.43,68956.97,87.21
Luxembourg,LUX,2000,9.087,548.64,33940.16,48.0
Luxembourg,LUX,2001,8.068,533.37,36033.22,56.23
Luxembourg,LUX,2002,7.826,584.45,36413.86,48.26
Luxembourg,LUX,2003,6.599,593.39,33288.05,45.7
Luxembourg,LUX,2004,8.874,575.14,39667.76,59.88
Luxembourg,LUX,2005,7.681,572.35,36395.07,64.29
Luxembourg,LUX,2006,8.925,593.01,35044.15,56.15
Luxembourg,LUX,2007,8.92,574.61,39326.04,43.87
Luxembourg,LUX,2008,7.747,628.76,40156.28,57.28
Luxembourg,LUX,2009,7.939,554.43,39190.57,46.81
Luxembourg,LUX,2010,7.775,620.85,39982.86,52.26
Luxembourg,LUX,2011,7.904,561.96,36938.34,48.42
Luxembourg,LUX,2012,9.247,634.46,39730.47,47.48
Luxembourg,LUX,2013,9.035,616.44,37137.43,43.61
Luxembourg,LUX,2014,7.928,553.76,39683.69,62.19
Luxembourg,LUX,2015,6.833,644.99,40811.56,49.73
Luxembourg,LUX,2016,8.372,594.76,36773.29,62.31
Luxembourg,LUX,2017,9.821,579.18,36032.68,47.69
Luxembourg,LUX,2018,8.578,599.39,40345.25,49.77
Luxembourg,LUX,2019,6.409,580.9,40469.98,57.52
Luxembourg,LUX,2020,8.462,585.22,32618.23,59.19
Luxembourg,LUX,2021,9.878,668.62,42116.16,55.79
Luxembourg,LUX,2022,8.935,613.87,42037.82,51.05
Luxembourg,LUX,2023,7.904,592.45,40552.88,57.43
Trinidad and Tobago,TTO,2000,3.097,414.22,18478.28,21.07
Trinidad and Tobago,TTO,2001,3.56,389.97,15664.25,30.28
Trinidad and Tobago,TTO,2002,1.643,432.49,16757.93,15.76
Trinidad and Tobago,TTO,2003,3.581,407.33,15525.25,36.38
Trinidad and Tobago,TTO,2004,2.383,450.82,12404.01,35.46
Trinidad and Tobago,TTO,2005,2.611,354.17,15995.69,37.56
Trinidad and Tobago,TTO,2006,3.536,429.38,18768.79,27.5
Trinidad and Tobago,TTO,2007,4.564,404.6,15559.79,29.53
Trinidad and Tobago,TTO,2008,3.309,433.76,12227.75,24.19
Trinidad and Tobago,TTO,2009,0.763,415.77,19561.36,24.62
Trinidad and Tobago,TTO,2010,4.263,381.02,17472.68,20.08
Trinidad and Tobago,TTO,2011,2.689,394.71,18504.56,23.51
Trinidad and Tobago,TTO,2012,3.129,480.6,16830.42,26.0
Trinidad and Tobago,TTO,2013,2.543,360.4,14077.53,18.51
Trinidad and Tobago,TTO,2014,2.46,415.97,10966.32,34.32
Trinidad and Tobago,TTO,2015,3.892,443.43,13719.52,34.09
Trinidad and Tobago,TTO,2016,3.784,467.44,15571.87,32.9
Trinidad and Tobago,TTO,2017,3.316,418.26,22191.74,23.89
Trinidad and Tobago,TTO,2018,3.992,515.04,20236.04,16.4
Trinidad and Tobago,TTO,2019,1.738,465.77,14346.4,22.46
Trinidad and Tobago,TTO,2020,3.419,423.79,15139.07,14.73
Trinidad and Tobago,TTO,2021,1.45,375.17,13083.41,26.16
Trinidad and Tobago,TTO,2022,3.777,464.56,17562.36,22.57
Trinidad and Tobago,TTO,2023,2.838,467.3,17824.65,24.2
Jamaica,JAM,2000,14.95,765.67,59673.68,88.99
Jamaica,JAM,2001,15.041,771.46,67105.96,91.33
Jamaica,JAM,2002,14.848,781.21,62160.46,92.27
Jamaica,JAM,2003,14.171,812.65,63062.78,79.17
Jamaica,JAM,2004,16.463,789.66,62942.66,92.81
Jamaica,JAM,2005,12.9,816.56,63409.41,85.36
Jamaica,JAM,2006,13.606,815.26,62242.58,86.01
Jamaica,JAM,2007,14.326,803.85,60583.8,91.59
Jamaica,JAM,2008,12.879,817.25,61687.34,87.7
Jamaica,JAM,2009,12.253,796.52,64355.22,80.36
Jamaica,JAM,2010,14.535,827.17,64327.44,92.64
Jamaica,JAM,2011,14.531,834.03,63247.76,85.18
Jamaica,JAM,2012,16.134,819.85,65409.16,97.29
Jamaica,JAM,2013,15.998,796.18,64066.18,92.32
Jamaica,JAM,2014,13.221,742.48,64035.48,84.06
Jamaica,JAM,2015,15.053,835.05,64278.82,98.01
Jamaica,JAM,2016,15.364,769.19,67147.17,99.41
Jamaica,JAM,2017,13.898,773.56,69202.11,94.78
Jamaica,JAM,2018,14.504,756.95,62270.65,84.96
Jamaica,JAM,2019,14.325,850.0,61261.79,85.89
Jamaica,JAM,2020,14.746,826.04,63105.12,90.97
Jamaica,JAM,2021,14.961,837.92,61890.96,86.95
Jamaica,JAM,2022,15.676,792.72,68461.18,89.81
Jamaica,JAM,2023,15.327,812.69,64795.65,90.44
Botswana,BWA,2000,6.391,577.68,32180.86,49.17
Botswana,BWA,2001,6.563,576.97,30180.97,48.7
Botswana,BWA,2002,5.78,587.65,36655.33,53.82
Botswana,BWA,2003,6.89,505.46,32811.85,42.72
Botswana,BWA,2004,6.415,540.17,25282.34,41.81
Botswana,BWA,2005,7.071,472.37,31413.79,48.5
Botswana,BWA,2006,9.589,491.78,33308.52,58.95
Botswana,BWA,2007,8.05,600.29,29852.55,45.77
Botswana,BWA,2008,10.413,531.91,30442.36,56.57
Botswana,BWA,2009,8.039,547.73,31626.48,53.23
Botswana,BWA,2010,6.359,563.52,29915.13,49.32
Botswana,BWA,2011,6.7,590.03,32361.2,49.12
Botswana,BWA,2012,6.088,567.05,27959.92,39.31
Botswana,BWA,2013,4.529,555.56,35651.85,43.71
Botswana,BWA,2014,6.423,559.54,33015.48,28.22
Botswana,BWA,2015,8.705,597.12,31797.11,44.77
Botswana,BWA,2016,6.05,504.34,38059.14,53.76
Botswana,BWA,2017,5.679,561.9,35359.85,41.68
Botswana,BWA,2018,7.179,525.8,31884.42,47.86
Botswana,BWA,2019,3.843,552.43,30969.14,50.45
Botswana,BWA,2020,6.078,534.24,35838.27,49.96
Botswana,BWA,2021,6.09,594.52,34486.03,44.45
Botswana,BWA,2022,6.731,531.45,33842.53,42.11
Botswana,BWA,2023,7.325,537.33,35612.12,57.15
Namibia,NAM,2000,0.1,355.34,7969.28,26.2
Namibia,NAM,2001,1.216,345.02,9861.95,12.99
Namibia,NAM,2002,0.767,379.23,11719.98,24.46
Namibia,NAM,2003,1.264,352.35,10768.33,11.91
Namibia,NAM,2004,1.115,339.45,9362.94,17.8
Namibia,NAM,2005,2.839,409.2,5723.26,18.33
Namibia,NAM,2006,0.667,329.11,5814.08,10.49
Namibia,NAM,2007,0.838,335.83,8922.82,12.99
Namibia,NAM,2008,3.2,333.07,10798.97,16.14
Namibia,NAM,2009,2.742,377.35,5351.23,12.72
Namibia,NAM,2010,1.792,373.37,8795.95,15.12
Namibia,NAM,2011,0.95,354.74,11015.81,7.28
Namibia,NAM,2012,1.585,372.39,4596.28,23.19
Namibia,NAM,2013,2.816,357.56,11985.3,14.5
Namibia,NAM,2014,3.572,361.2,8958.77,10.2
Namibia,NAM,2015,1.318,344.39,9655.26,15.82
Namibia,NAM,2016,3.96,417.19,9861.48,21.81
Namibia,NAM,2017,1.99,365.25,7407.41,15.43
Namibia,NAM,2018,2.604,370.17,9336.46,21.05
Namibia,NAM,2019,3.746,394.71,8677.65,8.79
Namibia,NAM,2020,1.773,357.3,9283.65,6.93
Namibia,NAM,2021,2.035,378.21,13953.61,18.96
Namibia,NAM,2022,1.683,402.33,9433.47,5.36
Namibia,NAM,2023,2.513,369.47,10628.31,34.08
Gabon,GAB,2000,0.68,417.17,7073.71,13.14
Gabon,GAB,2001,0.735,359.17,5687.32,7.21
Gabon,GAB,2002,2.842,305.58,6534.96,20.74
Gabon,GAB,2003,0.846,362.85,4752.42,16.56
Gabon,GAB,2004,2.5,336.45,6720.97,10.16
Gabon,GAB,2005,0.1,360.16,8341.5,12.11
Gabon,GAB,2006,1.562,337.98,4438.28,11.31
Gabon,GAB,2007,2.985,389.13,9769.71,5.0
Gabon,GAB,2008,1.56,359.23,12391.22,16.27
Gabon,GAB,2009,3.438,367.31,4391.59,17.8
Gabon,GAB,2010,1.151,302.64,5080.88,12.41
Gabon,GAB,2011,2.067,405.29,9798.98,16.37
Gabon,GAB,2012,0.112,361.12,7885.12,20.49
Gabon,GAB,2013,1.068,399.0,5688.32,21.86
Gabon,GAB,2014,3.138,390.07,4881.11,9.19
Gabon,GAB,2015,1.964,374.27,8454.43,14.84
Gabon,GAB,2016,1.926,372.71,7622.52,13.11
Gabon,GAB,2017,1.633,407.55,7023.41,5.0
Gabon,GAB,2018,1.584,345.56,12303.71,19.13
Gabon,GAB,2019,3.085,357.65,5724.64,23.41
Gabon,GAB,2020,2.52,394.12,8881.86,21.66
Gabon,GAB,2021,0.947,427.81,6916.61,17.53
Gabon,GAB,2022,0.466,379.72,9077.38,15.53
Gabon,GAB,2023,2.828,415.84,10586.39,23.8
Mali,MLI,2000,11.094,762.56,52314.4,72.72
Mali,MLI,2001,9.718,697.09,49819.33,75.26
Mali,MLI,2002,9.333,691.53,51730.73,73.8
Mali,MLI,2003,11.585,716.79,47427.74,74.97
Mali,MLI,2004,11.646,747.3,48185.83,68.18
Mali,MLI,2005,13.646,707.87,52461.44,70.35
Mali,MLI,2006,12.657,715.88,48067.41,87.61
Mali,MLI,2007,11.28,652.73,59906.69,66.2
Mali,MLI,2008,10.458,795.06,50915.61,73.54
Mali,MLI,2009,13.593,674.55,50255.83,64.43
Mali,MLI,2010,11.402,714.05,51675.62,71.77
Mali,MLI,2011,11.966,638.36,56091.67,76.55
Mali,MLI,2012,12.888,684.5,52947.2,80.6
Mali,MLI,2013,9.773,672.96,50238.42,75.02
Mali,MLI,2014,13.939,703.55,52694.51,70.9
Mali,MLI,2015,13.798,710.69,53220.22,61.73
Mali,MLI,2016,11.175,740.29,52150.6,65.84
Mali,MLI,2017,12.246,663.35,53540.78,71.19
Mali,MLI,2018,10.238,758.02,51819.52,64.41
Mali,MLI,2019,10.237,794.35,51170.91,75.86
Mali,MLI,2020,10.316,691.12,55729.41,74.75
Mali,MLI,2021,10.519,772.48,54358.25,71.4
Mali,MLI,2022,9.045,663.88,61064.85,65.37
Mali,MLI,2023,10.916,712.59,56896.78,67.88
Burkina Faso,BFA,2000,10.305,634.4,50496.34,65.61
Burkina Faso,BFA,2001,10.932,666.83,41693.53,66.51
Burkina Faso,BFA,2002,10.844,676.38,47877.43,64.84
Burkina Faso,BFA,2003,9.232,687.82,45943.31,69.88
Burkina Faso,BFA,2004,8.811,686.12,52984.67,72.24
Burkina Faso,BFA,2005,10.645,660.95,51116.09,65.9
Burkina Faso,BFA,2006,11.526,666.79,48088.32,81.11
Burkina Faso,BFA,2007,14.039,637.43,49560.73,74.66
Burkina Faso,BFA,2008,11.283,690.46,51557.78,69.11
Burkina Faso,BFA,2009,11.591,677.29,52024.75,76.98
Burkina Faso,BFA,2010,9.775,731.42,53054.26,80.6
Burkina Faso,BFA,2011,11.508,707.3,51773.99,70.21
Burkina Faso,BFA,2012,12.549,685.01,49120.7,71.65
Burkina Faso,BFA,2013,10.202,701.32,51165.46,58.28
Burkina Faso,BFA,2014,10.99,723.72,52556.88,64.62
Burkina Faso,BFA,2015,11.301,689.89,55361.04,66.94
Burkina Faso,BFA,2016,9.202,723.77,47608.61,72.54
Burkina Faso,BFA,2017,9.448,665.24,51736.68,66.54
Burkina Faso,BFA,2018,9.653,652.2,49761.83,71.62
Burkina Faso,BFA,2019,11.196,742.31,56478.7,77.93
Burkina Faso,BFA,2020,11.313,697.67,54567.22,77.03
Burkina Faso,BFA,2021,9.771,748.99,54638.65,78.21
Burkina Faso,BFA,2022,9.701,763.23,56671.58,63.14
Burkina Faso,BFA,2023,11.275,763.88,53363.36,69.75
Niger,NER,2000,4.956,515.8,22904.92,41.7
Niger,NER,2001,4.182,450.3,22978.4,41.97
Niger,NER,2002,5.138,499.47,16714.71,44.49
Niger,NER,2003,4.062,485.56,25155.79,32.73
Niger,NER,2004,7.465,515.7,22213.63,40.79
Niger,NER,2005,4.816,469.63,22526.91,45.05
Niger,NER,2006,6.956,486.38,23027.41,35.41
Niger,NER,2007,5.418,520.73,25740.44,50.54
Niger,NER,2008,4.378,499.73,28685.33,34.27
Niger,NER,2009,5.665,453.67,25227.21,48.94
Niger,NER,2010,6.366,492.46,25025.74,41.96
Niger,NER,2011,7.615,478.5,22172.66,40.77
Niger,NER,2012,3.203,489.02,22701.27,27.67
Niger,NER,2013,5.965,496.88,27846.94,45.76
Niger,NER,2014,5.651,524.0,26413.86,46.53
Niger,NER,2015,5.532,506.63,30172.71,40.73
Niger,NER,2016,6.6,486.94,25649.19,36.42
Niger,NER,2017,6.512,533.7,24945.4,52.81
Niger,NER,2018,6.508,532.51,29309.99,37.93
Niger,NER,2019,4.692,526.2,27840.28,38.52
Niger,NER,2020,6.076,505.52,28989.64,44.19
Niger,NER,2021,4.645,568.05,28907.93,48.67
Niger,NER,2022,6.179,537.97,28142.17,42.69
Niger,NER,2023,3.616,537.99,25536.97,51.39
Rwanda,RWA,2000,8.791,614.63,35734.94,54.07
Rwanda,RWA,2001,8.908,549.78,33602.43,58.21
Rwanda,RWA,2002,8.469,572.52,36524.33,51.31
Rwanda,RWA,2003,7.693,568.24,33600.07,62.63
Rwanda,RWA,2004,8.732,578.1,32063.46,65.76
Rwanda,RWA,2005,8.841,541.5,34131.37,54.83
Rwanda,RWA,2006,9.007,597.18,35271.87,58.27
Rwanda,RWA,2007,8.21,629.25,36752.1,54.1
Rwanda,RWA,2008,8.712,540.35,37956.42,52.03
Rwanda,RWA,2009,7.423,600.66,33020.64,44.16
Rwanda,RWA,2010,7.305,646.22,34341.67,55.78
Rwanda,RWA,2011,8.056,661.92,33983.11,49.74
Rwanda,RWA,2012,7.483,661.44,39080.08,49.62
Rwanda,RWA,2013,7.689,586.7,42779.16,40.98
Rwanda,RWA,2014,7.301,544.84,37131.01,41.76
Rwanda,RWA,2015,5.644,542.27,40476.95,48.4
Rwanda,RWA,2016,7.599,579.33,40681.34,56.72
Rwanda,RWA,2017,7.685,639.54,37357.76,52.51
Rwanda,RWA,2018,8.25,599.44,43571.31,52.58
Rwanda,RWA,2019,9.966,629.37,32014.15,61.38
Rwanda,RWA,2020,8.392,594.06,36863.44,55.73
Rwanda,RWA,2021,7.539,608.53,40134.99,54.67
Rwanda,RWA,2022,7.374,704.8,41103.44,55.2
Rwanda,RWA,2023,9.144,614.8,37872.18,52.6
Malawi,MWI,2000,8.5,623.26,31304.59,53.91
Malawi,MWI,2001,7.508,599.45,35180.37,52.49
Malawi,MWI,2002,9.1,565.98,33645.95,47.67
Malawi,MWI,2003,8.523,549.91,39821.58,58.87
Malawi,MWI,2004,8.242,621.34,39176.93,54.93
Malawi,MWI,2005,7.928,603.51,38780.58,58.19
Malawi,MWI,2006,7.889,574.06,37045.33,58.88
Malawi,MWI,2007,7.674,635.11,35316.85,42.4
Malawi,MWI,2008,7.129,503.14,39192.33,70.5
Malawi,MWI,2009,7.001,633.2,40634.87,54.84
Malawi,MWI,2010,9.706,622.69,41262.38,66.65
Malawi,MWI,2011,9.061,558.53,39982.99,54.55
Malawi,MWI,2012,9.786,634.22,35279.48,55.4
Malawi,MWI,2013,9.692,531.67,39481.73,60.72
Malawi,MWI,2014,6.37,561.68,39480.02,68.12
Malawi,MWI,2015,7.181,611.52,36529.44,42.23
Malawi,MWI,2016,6.341,629.26,40322.3,62.61
Malawi,MWI,2017,6.965,571.54,38059.69,61.19
Malawi,MWI,2018,8.861,567.26,34740.76,57.75
Malawi,MWI,2019,7.007,657.06,37169.07,54.71
Malawi,MWI,2020,8.109,601.55,39045.61,54.61
Malawi,MWI,2021,9.646,608.28,39478.06,54.57
Malawi,MWI,2022,8.783,621.16,41975.63,60.63
Malawi,MWI,2023,8.089,639.21,37568.99,50.19
Zimbabwe,ZWE,2000,13.379,736.05,58656.4,65.88
Zimbabwe,ZWE,2001,12.917,842.9,58706.07,80.57
Zimbabwe,ZWE,2002,12.561,773.0,55911.54,86.04
Zimbabwe,ZWE,2003,12.717,784.29,61544.8,75.46
Zimbabwe,ZWE,2004,11.344,750.54,56392.05,88.67
Zimbabwe,ZWE,2005,10.791,720.76,59009.23,86.46
Zimbabwe,ZWE,2006,12.435,761.71,53652.07,86.95
Zimbabwe,ZWE,2007,13.992,731.33,59963.25,80.41
Zimbabwe,ZWE,2008,15.624,762.76,58155.66,81.43
Zimbabwe,ZWE,2009,13.812,737.67,54102.41,80.45
Zimbabwe,ZWE,2010,9.546,748.87,58493.47,77.48
Zimbabwe,ZWE,2011,11.512,703.36,58436.76,80.11
Zimbabwe,ZWE,2012,12.594,780.4,57975.61,84.3
Zimbabwe,ZWE,2013,14.692,775.3,57227.71,83.88
Zimbabwe,ZWE,2014,13.031,736.21,58564.19,80.84
Zimbabwe,ZWE,2015,12.701,706.74,60730.64,84.67
Zimbabwe,ZWE,2016,12.511,760.17,59823.01,75.56
Zimbabwe,ZWE,2017,11.231,787.99,60620.65,86.74
Zimbabwe,ZWE,2018,15.151,761.26,58210.86,91.76
Zimbabwe,ZWE,2019,11.665,730.96,56404.8,91.67
Zimbabwe,ZWE,2020,14.405,725.43,58677.18,85.71
Zimbabwe,ZWE,2021,12.888,799.05,65996.46,83.67
Zimbabwe,ZWE,2022,14.556,825.33,59410.55,72.65
Zimbabwe,ZWE,2023,15.823,743.46,63073.26,91.25
Tajikistan,TJK,2000,13.014,719.88,48983.17,72.1
Tajikistan,TJK,2001,11.631,716.38,48586.3,70.36
Tajikistan,TJK,2002,11.693,669.01,55266.3,76.93
Tajikistan,TJK,2003,11.534,755.0,53122.41,60.22
Tajikistan,TJK,2004,11.65,742.13,51556.95,75.02
Tajikistan,TJK,2005,9.679,741.07,54013.34,75.73
Tajikistan,TJK,2006,9.459,721.97,52383.68,83.78
Tajikistan,TJK,2007,13.942,735.52,53062.44,78.45
Tajikistan,TJK,2008,12.632,718.93,49369.78,76.18
Tajikistan,TJK,2009,13.317,693.3,57660.51,80.88
Tajikistan,TJK,2010,10.649,736.16,53789.29,74.0
Tajikistan,TJK,2011,11.895,720.65,55184.08,81.8
Tajikistan,TJK,2012,13.954,740.1,49147.09,73.58
Tajikistan,TJK,2013,10.002,714.86,50978.41,77.2
Tajikistan,TJK,2014,11.665,740.93,54078.79,77.02
Tajikistan,TJK,2015,12.238,689.17,55563.15,84.53
Tajikistan,TJK,2016,13.376,743.18,52206.55,68.91
Tajikistan,TJK,2017,13.036,725.92,56779.4,70.9
Tajikistan,TJK,2018,12.347,681.85,54936.04,78.54
Tajikistan,TJK,2019,11.713,753.51,56484.6,66.98
Tajikistan,TJK,2020,12.295,736.26,57786.7,74.73
Tajikistan,TJK,2021,11.095,719.04,60377.32,66.47
Tajikistan,TJK,2022,11.973,805.26,55936.61,77.21
Tajikistan,TJK,2023,13.262,747.19,58261.28,83.93
Kyrgyzstan,KGZ,2000,7.063,461.91,25601.91,45.85
Kyrgyzstan,KGZ,2001,5.418,489.54,24643.65,44.8
Kyrgyzstan,KGZ,2002,7.184,551.45,29925.68,42.16
Kyrgyzstan,KGZ,2003,5.769,517.05,33156.41,35.72
Kyrgyzstan,KGZ,2004,4.332,532.55,26911.19,38.19
Kyrgyzstan,KGZ,2005,5.206,491.35,26785.6,50.66
Kyrgyzstan,KGZ,2006,6.858,525.93,24001.17,41.01
Kyrgyzstan,KGZ,2007,6.996,519.68,27734.41,53.1
Kyrgyzstan,KGZ,2008,5.196,490.34,25264.45,43.84
Kyrgyzstan,KGZ,2009,5.447,547.03,27650.16,38.59
Kyrgyzstan,KGZ,2010,7.392,529.06,26915.68,43.65
Kyrgyzstan,KGZ,2011,7.989,490.23,27602.03,33.35
Kyrgyzstan,KGZ,2012,5.995,553.51,28706.16,40.52
Kyrgyzstan,KGZ,2013,4.146,490.65,30684.4,46.03
Kyrgyzstan,KGZ,2014,6.087,534.84,27031.22,45.48
Kyrgyzstan,KGZ,2015,5.391,550.84,29125.39,48.6
Kyrgyzstan,KGZ,2016,8.697,573.88,26822.94,44.56
Kyrgyzstan,KGZ,2017,5.85,598.14,33963.85,44.2
Kyrgyzstan,KGZ,2018,6.515,509.21,28179.53,34.1
Kyrgyzstan,KGZ,2019,7.053,542.61,32475.7,42.82
Kyrgyzstan,KGZ,2020,6.844,546.73,32243.97,49.33
Kyrgyzstan,KGZ,2021,9.013,514.75,27574.19,45.16
Kyrgyzstan,KGZ,2022,6.145,480.77,26618.48,40.78
Kyrgyzstan,KGZ,2023,5.792,604.73,29068.46,48.84
Turkmenistan,TKM,2000,8.798,642.12,45128.19,71.01
Turkmenistan,TKM,2001,10.35,684.22,38815.88,70.1
Turkmenistan,TKM,2002,10.65,611.85,44870.11,71.48
Turkmenistan,TKM,2003,10.524,679.36,43826.74,69.09
Turkmenistan,TKM,2004,10.524,702.54,43049.69,71.38
Turkmenistan,TKM,2005,9.662,693.34,44402.07,61.04
Turkmenistan,TKM,2006,13.756,577.23,49975.96,70.6
Turkmenistan,TKM,2007,11.011,672.99,44933.25,64.4
Turkmenistan,TKM,2008,13.441,714.52,50982.29,59.06
Turkmenistan,TKM,2009,8.859,615.64,46606.36,64.43
Turkmenistan,TKM,2010,10.036,678.43,45471.56,71.19
Turkmenistan,TKM,2011,11.163,724.45,47213.18,59.32
Turkmenistan,TKM,2012,10.696,665.36,46226.11,72.84
Turkmenistan,TKM,2013,8.807,689.63,47470.26,63.64
Turkmenistan,TKM,2014,11.178,686.17,42157.35,58.48
Turkmenistan,TKM,2015,12.195,668.43,47507.69,61.02
Turkmenistan,TKM,2016,9.934,713.32,49580.88,68.15
Turkmenistan,TKM,2017,9.656,636.13,50153.04,67.51
Turkmenistan,TKM,2018,9.846,661.93,52793.37,75.67
Turkmenistan,TKM,2019,11.48,753.61,49464.67,65.51
Turkmenistan,TKM,2020,8.602,649.67,47260.5,68.44
Turkmenistan,TKM,2021,10.02,705.99,49722.41,77.97
Turkmenistan,TKM,2022,9.185,629.63,44932.85,66.43
Turkmenistan,TKM,2023,9.282,729.59,45760.09,60.89
Uzbekistan,UZB,2000,6.637,499.96,27332.31,40.55
Uzbekistan,UZB,2001,5.518,443.83,25547.91,34.54
Uzbekistan,UZB,2002,4.911,540.56,29928.42,39.59
Uzbekistan,UZB,2003,6.171,572.0,24815.31,38.26
Uzbekistan,UZB,2004,5.607,444.12,25756.98,34.35
Uzbekistan,UZB,2005,5.663,568.75,20945.01,36.2
Uzbekistan,UZB,2006,5.517,492.79,21495.14,45.42
Uzbekistan,UZB,2007,4.586,483.15,23527.42,39.52
Uzbekistan,UZB,2008,6.451,474.99,21103.43,33.48
Uzbekistan,UZB,2009,6.844,535.01,28758.6,40.8
Uzbekistan,UZB,2010,7.28,516.93,26197.74,48.21
Uzbekistan,UZB,2011,4.431,476.45,22452.07,45.19
Uzbekistan,UZB,2012,7.745,501.23,25083.36,47.56
Uzbekistan,UZB,2013,2.37,484.56,30395.98,38.46
Uzbekistan,UZB,2014,7.05,442.92,23529.52,35.48
Uzbekistan,UZB,2015,7.671,499.46,25286.9,39.86
Uzbekistan,UZB,2016,3.799,502.53,29856.2,33.69
Uzbekistan,UZB,2017,6.347,518.64,27641.67,44.09
Uzbekistan,UZB,2018,7.888,489.26,30075.46,52.34
Uzbekistan,UZB,2019,3.554,489.69,26697.62,41.86
Uzbekistan,UZB,2020,6.035,498.51,29303.97,32.5
Uzbekistan,UZB,2021,6.042,501.51,30765.97,42.09
Uzbekistan,UZB,2022,4.754,550.59,23619.6,42.05
Uzbekistan,UZB,2023,6.131,505.92,25169.91,34.36
Laos,LAO,2000,8.993,622.03,37627.16,62.92
Laos,LAO,2001,8.514,641.41,39442.87,64.41
Laos,LAO,2002,10.071,598.87,38269.34,57.74
Laos,LAO,2003,9.152,682.12,37782.13,63.65
Laos,LAO,2004,12.37,669.48,35228.92,68.28
Laos,LAO,2005,9.496,609.86,44519.79,63.75
Laos,LAO,2006,7.993,621.13,39487.92,58.45
Laos,LAO,2007,10.338,564.98,43508.09,51.36
Laos,LAO,2008,9.882,633.1,41710.92,59.74
Laos,LAO,2009,11.801,635.85,39141.95,60.74
Laos,LAO,2010,9.374,614.34,39724.16,59.21
Laos,LAO,2011,9.815,678.46,41082.56,60.11
Laos,LAO,2012,9.867,639.36,41998.28,68.52
Laos,LAO,2013,8.527,599.8,41419.56,55.57
Laos,LAO,2014,10.22,685.28,38808.23,47.12
Laos,LAO,2015,8.599,624.03,43342.03,45.9
Laos,LAO,2016,7.782,641.21,42907.97,70.56
Laos,LAO,2017,10.422,602.5,45123.37,58.03
Laos,LAO,2018,9.398,590.63,45956.68,53.53
Laos,LAO,2019,7.713,574.82,41399.39,53.38
Laos,LAO,2020,7.075,650.34,40253.35,62.62
Laos,LAO,2021,9.092,613.92,46355.37,58.81
Laos,LAO,2022,7.842,556.9,42985.77,69.59
Laos,LAO,2023,6.769,639.2,44998.08,64.38
Papua New Guinea,PNG,2000,9.507,634.26,45339.93,73.48
Papua New Guinea,PNG,2001,12.223,709.14,47615.57,65.97
Papua New Guinea,PNG,2002,9.238,669.58,47860.15,63.1
Papua New Guinea,PNG,2003,10.806,679.49,47730.37,70.09
Papua New Guinea,PNG,2004,11.15,757.04,46274.73,66.96
Papua New Guinea,PNG,2005,10.904,654.3,49494.42,72.82
Papua New Guinea,PNG,2006,14.507,641.39,50039.88,77.5
Papua New Guinea,PNG,2007,11.168,677.74,53917.71,70.63
Papua New Guinea,PNG,2008,9.812,714.52,47642.72,74.6
Papua New Guinea,PNG,2009,12.626,703.28,47939.05,69.61
Papua New Guinea,PNG,2010,9.454,672.8,51308.75,80.38
Papua New Guinea,PNG,2011,11.708,687.22,51401.38,64.31
Papua New Guinea,PNG,2012,11.653,700.82,50811.62,80.26
Papua New Guinea,PNG,2013,8.478,645.92,53500.54,71.89
Papua New Guinea,PNG,2014,9.719,656.07,50477.19,65.79
Papua New Guinea,PNG,2015,9.067,680.6,53565.33,70.03
Papua New Guinea,PNG,2016,11.581,662.32,50394.85,77.24
Papua New Guinea,PNG,2017,10.544,647.11,49687.14,72.22
Papua New Guinea,PNG,2018,10.422,717.9,45354.72,70.67
Papua New Guinea,PNG,2019,10.739,675.99,50199.35,67.36
Papua New Guinea,PNG,2020,11.516,672.85,50203.37,77.83
Papua New Guinea,PNG,2021,9.558,700.88,49088.04,72.74
Papua New Guinea,PNG,2022,10.773,686.01,52005.75,75.6
Papua New Guinea,PNG,2023,11.57,662.36,47600.63,70.74
Fiji,FJI,2000,12.956,754.82,52929.96,87.78
Fiji,FJI,2001,12.046,741.52,55516.63,76.63
Fiji,FJI,2002,10.663,732.23,53445.1,79.07
Fiji,FJI,2003,11.418,738.23,53018.79,73.53
Fiji,FJI,2004,11.386,743.74,54377.81,85.41
Fiji,FJI,2005,11.178,672.96,57255.81,78.19
Fiji,FJI,2006,12.28,804.28,55075.78,76.79
Fiji,FJI,2007,11.95,675.46,51477.67,89.84
Fiji,FJI,2008,12.653,705.21,53967.25,65.46
Fiji,FJI,2009,10.974,762.41,54868.81,85.7
Fiji,FJI,2010,10.459,783.09,56493.71,76.41
Fiji,FJI,2011,13.247,683.74,57323.73,76.41
Fiji,FJI,2012,13.804,745.08,57541.4,69.74
Fiji,FJI,2013,12.614,685.87,56188.92,79.46
Fiji,FJI,2014,11.72,712.65,54827.45,78.08
Fiji,FJI,2015,13.159,809.01,56424.53,73.97
Fiji,FJI,2016,11.324,773.53,57336.42,81.7
Fiji,FJI,2017,10.402,719.76,52345.06,76.22
Fiji,FJI,2018,13.089,731.4,55051.69,78.03
Fiji,FJI,2019,14.624,803.52,58410.53,76.65
Fiji,FJI,2020,13.328,742.49,57920.5,82.41
Fiji,FJI,2021,13.774,731.24,55106.2,74.2
Fiji,FJI,2022,11.912,774.14,56651.97,86.69
Fiji,FJI,2023,11.408,720.87,59688.14,81.02
Brunei,BRN,2000,1.971,333.37,13229.36,27.61
Brunei,BRN,2001,5.491,434.26,15759.7,22.06
Brunei,BRN,2002,1.125,403.01,12098.16,26.19
Brunei,BRN,2003,4.29,432.91,13392.39,28.35
Brunei,BRN,2004,2.185,419.24,14062.25,25.71
Brunei,BRN,2005,2.931,405.18,14270.9,22.48
Brunei,BRN,2006,3.849,401.93,11838.89,15.78
Brunei,BRN,2007,2.904,482.83,13333.6,27.11
Brunei,BRN,2008,3.547,422.9,19347.54,20.74
Brunei,BRN,2009,4.246,412.51,15706.69,33.87
Brunei,BRN,2010,0.868,427.7,15174.33,12.79
Brunei,BRN,2011,3.529,328.31,18005.44,25.16
Brunei,BRN,2012,5.299,415.71,18524.75,24.98
Brunei,BRN,2013,0.374,365.8,18486.16,26.04
Brunei,BRN,2014,2.64,417.45,12292.71,29.84
Brunei,BRN,2015,4.173,435.71,13307.18,24.97
Brunei,BRN,2016,2.677,387.91,17337.6,18.15
Brunei,BRN,2017,5.128,466.47,22162.87,33.49
Brunei,BRN,2018,2.627,371.06,14831.95,29.06
Brunei,BRN,2019,4.032,347.85,15938.13,16.62
Brunei,BRN,2020,3.195,488.41,15781.83,32.67
Brunei,BRN,2021,4.011,393.37,17878.64,25.83
Brunei,BRN,2022,3.596,372.1,13470.93,39.05
Brunei,BRN,2023,3.613,397.79,14668.78,18.32
Bhutan,BTN,2000,8.092,569.36,43842.92,53.12
Bhutan,BTN,2001,7.847,676.64,40468.61,63.15
Bhutan,BTN,2002,10.801,635.84,35040.85,66.66
Bhutan,BTN,2003,8.691,567.42,38811.59,56.08
Bhutan,BTN,2004,8.611,612.11,37536.72,62.19
Bhutan,BTN,2005,9.209,603.98,40613.22,65.87
Bhutan,BTN,2006,7.456,608.04,37672.27,60.82
Bhutan,BTN,2007,7.504,624.92,39671.45,62.54
Bhutan,BTN,2008,8.165,646.13,39604.16,62.04
Bhutan,BTN,2009,8.551,664.76,40635.59,54.62
Bhutan,BTN,2010,8.087,573.91,38462.46,43.9
Bhutan,BTN,2011,8.513,681.7,43292.75,60.57
Bhutan,BTN,2012,9.922,569.35,40454.77,65.0
Bhutan,BTN,2013,8.375,628.16,37616.2,65.09
Bhutan,BTN,2014,10.876,615.97,40185.39,50.23
Bhutan,BTN,2015,7.966,622.33,41186.62,70.18
Bhutan,BTN,2016,9.668,644.04,41581.77,56.02
Bhutan,BTN,2017,8.544,658.25,44018.73,63.58
Bhutan,BTN,2018,7.688,650.97,44188.07,57.39
Bhutan,BTN,2019,7.796,633.27,42450.57,56.23
Bhutan,BTN,2020,8.714,572.92,42315.72,62.13
Bhutan,BTN,2021,7.873,597.04,42317.31,66.87
Bhutan,BTN,2022,7.945,669.85,39439.76,64.73
Bhutan,BTN,2023,6.571,617.48,43310.55,60.34
Maldives,MDV,2000,13.842,775.02,58359.52,75.8
Maldives,MDV,2001,14.072,787.82,59062.7,76.17
Maldives,MDV,2002,13.861,778.14,61139.18,78.31
Maldives,MDV,2003,12.177,704.11,60320.08,91.28
Maldives,MDV,2004,14.327,775.95,60372.75,89.76
Maldives,MDV,2005,12.141,759.44,60669.97,79.7
Maldives,MDV,2006,13.784,723.71,62475.56,86.64
Maldives,MDV,2007,12.687,786.79,62793.15,81.24
Maldives,MDV,2008,14.163,810.61,59282.46,77.17
Maldives,MDV,2009,12.91,801.15,60167.49,70.72
Maldives,MDV,2010,11.223,721.59,59153.56,90.08
Maldives,MDV,2011,10.062,822.63,66121.23,82.65
Maldives,MDV,2012,13.753,724.7,58518.35,82.58
Maldives,MDV,2013,12.464,705.51,57256.26,83.73
Maldives,MDV,2014,13.6,815.99,60044.35,81.62
Maldives,MDV,2015,11.885,718.11,58471.24,91.83
Maldives,MDV,2016,12.602,791.51,62849.9,91.13
Maldives,MDV,2017,13.083,747.71,58334.34,70.59
Maldives,MDV,2018,12.641,775.74,58437.35,77.76
Maldives,MDV,2019,15.252,833.03,66298.45,83.09
Maldives,MDV,2020,13.297,842.67,60162.41,77.32
Maldives,MDV,2021,13.168,776.57,59080.21,84.17
Maldives,MDV,2022,11.571,850.0,61272.74,87.72
Maldives,MDV,2023,14.323,789.17,60711.98,72.99
Bahamas,BHS,2000,6.387,449.43,17544.91,43.48
Bahamas,BHS,2001,3.355,378.65,23276.76,28.61
Bahamas,BHS,2002,5.933,391.86,20119.33,22.69
Bahamas,BHS,2003,3.302,488.5,23012.64,42.23
Bahamas,BHS,2004,4.109,438.58,19772.21,32.64
Bahamas,BHS,2005,3.547,452.9,20169.97,30.71
Bahamas,BHS,2006,3.93,520.48,19524.06,30.85
Bahamas,BHS,2007,3.547,451.97,24917.8,28.02
Bahamas,BHS,2008,2.45,483.49,17750.49,42.74
Bahamas,BHS,2009,4.341,450.55,21246.48,37.44
Bahamas,BHS,2010,5.879,460.44,20474.12,36.74
Bahamas,BHS,2011,2.477,443.69,18697.73,38.35
Bahamas,BHS,2012,7.381,437.06,23801.54,49.28
Bahamas,BHS,2013,4.944,443.16,22227.48,29.73
Bahamas,BHS,2014,4.901,478.19,24719.45,45.21
Bahamas,BHS,2015,5.645,453.41,20970.73,32.13
Bahamas,BHS,2016,4.169,510.0,26701.78,23.79
Bahamas,BHS,2017,5.101,459.42,19235.5,41.27
Bahamas,BHS,2018,4.446,446.48,22496.8,34.78
Bahamas,BHS,2019,3.413,522.62,26476.3,37.38
Bahamas,BHS,2020,5.861,451.3,21253.23,33.46
Bahamas,BHS,2021,4.52,500.22,25161.42,36.66
Bahamas,BHS,2022,5.2,442.54,24245.31,30.42
Bahamas,BHS,2023,3.905,514.02,21236.85,41.32
Barbados,BRB,2000,10.823,613.34,44469.19,60.47
Barbados,BRB,2001,11.988,648.61,41726.23,68.45
Barbados,BRB,2002,7.641,636.25,41926.65,68.83
Barbados,BRB,2003,10.402,643.86,44488.38,50.65
Barbados,BRB,2004,9.231,698.3,39714.53,67.35
Barbados,BRB,2005,11.766,621.07,40726.26,61.86
Barbados,BRB,2006,9.836,642.42,44075.67,64.08
Barbados,BRB,2007,8.896,655.85,37996.68,73.48
Barbados,BRB,2008,12.476,623.96,41183.0,67.14
Barbados,BRB,2009,8.076,647.94,40829.96,64.35
Barbados,BRB,2010,10.046,708.34,41451.48,65.97
Barbados,BRB,2011,8.714,681.53,46010.72,63.37
Barbados,BRB,2012,6.798,718.97,42696.55,59.35
Barbados,BRB,2013,9.681,651.78,43784.26,62.53
Barbados,BRB,2014,10.095,656.73,43752.03,73.55
Barbados,BRB,2015,8.946,660.13,48786.64,60.25
Barbados,BRB,2016,9.487,684.26,41220.67,65.43
Barbados,BRB,2017,8.555,627.78,45514.18,60.09
Barbados,BRB,2018,7.422,650.68,46068.04,56.66
Barbados,BRB,2019,10.159,653.74,44359.21,63.04
Barbados,BRB,2020,9.782,642.22,44294.77,65.31
Barbados,BRB,2021,9.422,619.7,44550.96,58.91
Barbados,BRB,2022,7.919,710.55,46268.33,69.71
Barbados,BRB,2023,9.018,698.63,46895.89,54.13
Belize,BLZ,2000,6.693,622.75,35195.37,48.34
Belize,BLZ,2001,9.965,557.14,36388.04,57.71
Belize,BLZ,2002,7.335,556.61,33295.9,53.54
Belize,BLZ,2003,6.616,585.77,36029.0,59.21
Belize,BLZ,2004,7.41,546.51,34716.58,59.89
Belize,BLZ,2005,6.561,590.0,36091.5,54.59
Belize,BLZ,2006,7.499,518.48,38283.44,57.54
Belize,BLZ,2007,8.443,547.23,36359.13,46.8
Belize,BLZ,2008,9.817,557.5,33968.57,43.78
Belize,BLZ,2009,8.091,595.41,32321.61,50.98
Belize,BLZ,2010,8.076,549.54,36519.82,55.06
Belize,BLZ,2011,7.644,654.86,39695.92,46.16
Belize,BLZ,2012,7.752,584.73,37795.52,44.14
Belize,BLZ,2013,9.157,605.52,37253.54,50.77
Belize,BLZ,2014,9.086,574.05,35117.46,62.12
Belize,BLZ,2015,7.927,615.99,40157.3,54.54
Belize,BLZ,2016,9.032,585.8,38202.59,43.88
Belize,BLZ,2017,7.003,538.02,34033.34,61.88
Belize,BLZ,2018,6.975,556.91,34904.17,60.45
Belize,BLZ,2019,9.258,634.07,41638.7,63.71
Belize,BLZ,2020,7.124,556.97,33733.15,54.42
Belize,BLZ,2021,8.966,605.21,38649.52,42.29
Belize,BLZ,2022,7.575,611.75,38221.39,54.94
Belize,BLZ,2023,10.531,605.94,41301.66,59.51
Suriname,SUR,2000,8.736,587.07,34876.25,63.22
Suriname,SUR,2001,6.97,588.74,37320.57,55.6
Suriname,SUR,2002,6.964,599.28,36006.09,57.54
Suriname,SUR,2003,6.403,531.01,36733.95,59.82
Suriname,SUR,2004,7.51,628.48,32768.66,55.42
Suriname,SUR,2005,9.513,550.96,35921.24,51.44
Suriname,SUR,2006,6.241,507.89,35401.38,59.87
Suriname,SUR,2007,7.161,558.08,35414.49,56.4
Suriname,SUR,2008,9.159,560.22,38753.16,52.15
Suriname,SUR,2009,5.92,519.06,37027.77,58.03
Suriname,SUR,2010,6.55,596.62,36637.42,50.58
Suriname,SUR,2011,7.817,554.13,31943.35,55.08
Suriname,SUR,2012,7.798,604.42,34515.56,51.76
Suriname,SUR,2013,7.651,659.89,36680.88,58.82
Suriname,SUR,2014,5.984,579.02,38011.43,49.35
Suriname,SUR,2015,9.4,585.34,37010.58,48.71
Suriname,SUR,2016,7.511,609.09,36626.51,58.95
Suriname,SUR,2017,7.501,538.43,34448.53,52.68
Suriname,SUR,2018,7.354,597.77,37886.62,44.06
Suriname,SUR,2019,7.929,557.85,37218.51,46.46
Suriname,SUR,2020,6.973,653.91,38637.22,45.52
Suriname,SUR,2021,6.35,658.68,40724.38,52.56
Suriname,SUR,2022,5.742,589.03,39253.91,44.87
Suriname,SUR,2023,7.949,563.04,35041.45,59.7
Guyana,GUY,2000,12.03,738.99,55252.25,86.37
Guyana,GUY,2001,11.446,732.43,56765.01,92.8
Guyana,GUY,2002,15.145,772.05,64467.64,81.24
Guyana,GUY,2003,12.46,793.21,59165.4,83.68
Guyana,GUY,2004,13.436,787.04,58634.35,80.28
Guyana,GUY,2005,14.021,812.04,58763.24,87.41
Guyana,GUY,2006,14.214,734.74,65329.39,84.97
Guyana,GUY,2007,12.52,782.01,60722.84,78.43
Guyana,GUY,2008,12.918,749.56,60036.79,89.43
Guyana,GUY,2009,14.627,771.53,57143.91,81.6
Guyana,GUY,2010,15.545,725.26,64058.67,84.75
Guyana,GUY,2011,13.879,810.01,57237.35,92.93
Guyana,GUY,2012,14.286,743.79,56892.76,99.94
Guyana,GUY,2013,12.448,809.01,62344.9,83.55
Guyana,GUY,2014,14.477,802.34,59531.1,85.75
Guyana,GUY,2015,14.952,785.06,63243.2,79.47
Guyana,GUY,2016,13.382,762.3,64968.36,77.47
Guyana,GUY,2017,14.248,793.28,62867.35,74.24
Guyana,GUY,2018,12.176,804.1,62110.98,87.84
Guyana,GUY,2019,15.057,786.81,56207.3,83.82
Guyana,GUY,2020,13.481,790.32,60326.51,90.02
Guyana,GUY,2021,13.472,820.56,62622.8,80.14
Guyana,GUY,2022,10.396,808.2,58967.35,74.05
Guyana,GUY,2023,11.574,821.51,59150.82,87.46
Cape Verde,CPV,2000,9.385,622.03,38787.53,61.38
Cape Verde,CPV,2001,9.493,573.64,39924.76,65.69
Cape Verde,CPV,2002,9.77,632.63,43413.31,57.72
Cape Verde,CPV,2003,9.103,645.51,43012.88,62.63
Cape Verde,CPV,2004,7.608,648.35,41996.13,52.96
Cape Verde,CPV,2005,10.007,618.11,38457.51,48.87
Cape Verde,CPV,2006,9.788,676.76,42645.96,50.23
Cape Verde,CPV,2007,9.049,644.77,43887.53,63.44
Cape Verde,CPV,2008,10.035,639.38,39269.11,58.19
Cape Verde,CPV,2009,8.89,619.03,41755.62,57.36
Cape Verde,CPV,2010,7.369,658.26,41180.02,63.44
Cape Verde,CPV,2011,9.369,594.16,44565.88,56.85
Cape Verde,CPV,2012,11.228,635.61,46295.25,70.28
Cape Verde,CPV,2013,7.571,719.11,44396.66,71.02
Cape Verde,CPV,2014,8.907,640.98,43132.07,53.64
Cape Verde,CPV,2015,8.751,603.3,45400.16,59.06
Cape Verde,CPV,2016,6.528,645.45,46639.02,56.95
Cape Verde,CPV,2017,8.041,666.92,40418.62,58.71
Cape Verde,CPV,2018,8.063,672.92,48873.75,67.3
Cape Verde,CPV,2019,8.966,680.73,42877.24,56.58
Cape Verde,CPV,2020,10.556,663.31,42212.06,64.58
Cape Verde,CPV,2021,8.693,591.64,43938.04,54.83
Cape Verde,CPV,2022,9.821,641.91,48614.98,60.28
Cape Verde,CPV,2023,12.255,682.29,46441.68,59.61
Comoros,COM,2000,10.033,682.1,49582.56,66.54
Comoros,COM,2001,10.852,663.3,48325.97,73.57
Comoros,COM,2002,9.373,676.12,53560.88,71.97
Comoros,COM,2003,10.13,742.57,46286.46,69.69
Comoros,COM,2004,12.395,694.79,49227.73,73.59
Comoros,COM,2005,12.285,694.63,53701.73,66.76
Comoros,COM,2006,12.51,668.03,52955.33,74.93
Comoros,COM,2007,10.712,733.86,48358.86,77.79
Comoros,COM,2008,11.111,669.61,49311.22,69.79
Comoros,COM,2009,11.211,692.27,47433.72,54.85
Comoros,COM,2010,12.469,711.36,49967.34,62.16
Comoros,COM,2011,9.871,694.05,46344.08,62.44
Comoros,COM,2012,9.508,675.44,48028.24,63.45
Comoros,COM,2013,8.969,638.63,48932.37,70.01
Comoros,COM,2014,12.194,716.29,53173.69,58.75
Comoros,COM,2015,11.73,692.32,46061.99,73.41
Comoros,COM,2016,10.629,733.0,46396.99,74.25
Comoros,COM,2017,11.742,640.52,48418.62,72.4
Comoros,COM,2018,11.55,672.47,46991.17,70.82
Comoros,COM,2019,12.434,678.81,51533.37,68.91
Comoros,COM,2020,11.452,702.21,44534.41,71.36
Comoros,COM,2021,9.947,631.39,49560.38,66.25
Comoros,COM,2022,10.326,722.49,49152.91,77.87
Comoros,COM,2023,10.984,744.93,50410.9,71.16
Djibouti,DJI,2000,1.374,300.0,4239.8,26.76
Djibouti,DJI,2001,1.256,321.2,4974.14,27.25
Djibouti,DJI,2002,0.1,386.62,8262.13,11.69
Djibouti,DJI,2003,2.254,385.18,4493.87,22.98
Djibouti,DJI,2004,2.253,385.59,1953.65,11.1
Djibouti,DJI,2005,1.346,316.75,6324.22,19.34
Djibouti,DJI,2006,0.899,316.45,10500.99,10.02
Djibouti,DJI,2007,1.675,300.0,9080.77,9.29
Djibouti,DJI,2008,0.849,392.4,7452.8,17.97
Djibouti,DJI,2009,0.1,349.31,5279.27,20.89
Djibouti,DJI,2010,1.545,347.24,6647.44,5.0
Djibouti,DJI,2011,1.27,360.59,6129.43,29.71
Djibouti,DJI,2012,0.235,362.05,11180.72,13.67
Djibouti,DJI,2013,2.994,361.15,9853.17,17.05
Djibouti,DJI,2014,0.146,416.62,8671.33,27.04
Djibouti,DJI,2015,0.62,474.31,10479.74,26.42
Djibouti,DJI,2016,1.828,355.88,9064.25,17.39
Djibouti,DJI,2017,1.831,359.07,6956.2,14.09
Djibouti,DJI,2018,2.012,354.63,10428.5,18.67
Djibouti,DJI,2019,2.779,319.09,10379.64,11.45
Djibouti,DJI,2020,1.548,344.99,8960.59,15.97
Djibouti,DJI,2021,0.992,370.43,11227.12,5.86
Djibouti,DJI,2022,2.572,388.32,11983.86,15.53
Djibouti,DJI,2023,0.568,348.64,10839.3,14.94
Eritrea,ERI,2000,8.062,569.93,37768.29,56.18
Eritrea,ERI,2001,7.23,616.35,35701.04,55.33
Eritrea,ERI,2002,8.447,524.68,36997.17,62.78
Eritrea,ERI,2003,8.688,545.48,35109.29,55.8
Eritrea,ERI,2004,6.995,600.08,39965.54,48.79
Eritrea,ERI,2005,8.057,598.56,38482.89,55.76
Eritrea,ERI,2006,6.321,600.42,37612.09,62.03
Eritrea,ERI,2007,10.038,652.03,39890.19,63.26
Eritrea,ERI,2008,9.528,600.53,36138.86,43.92
Eritrea,ERI,2009,8.464,531.6,36482.29,62.32
Eritrea,ERI,2010,8.467,572.67,37249.9,57.2
Eritrea,ERI,2011,8.419,551.37,38584.18,55.83
Eritrea,ERI,2012,10.496,592.55,39921.47,55.22
Eritrea,ERI,2013,7.511,561.39,36529.44,49.93
Eritrea,ERI,2014,6.376,656.84,37508.5,46.39
Eritrea,ERI,2015,6.949,551.41,37485.88,56.76
Eritrea,ERI,2016,8.837,615.76,38114.87,62.78
Eritrea,ERI,2017,8.256,643.89,39367.88,57.07
Eritrea,ERI,2018,8.374,612.98,39538.01,65.65
Eritrea,ERI,2019,10.939,588.67,40513.36,52.47
Eritrea,ERI,2020,8.988,576.56,38928.96,64.87
Eritrea,ERI,2021,9.467,597.23,35388.03,48.37
Eritrea,ERI,2022,8.617,562.69,40725.82,55.19
Eritrea,ERI,2023,5.52,635.6,47757.73,54.28
Lesotho,LSO,2000,7.046,546.05,35163.76,49.23
Lesotho,LSO,2001,6.92,517.88,34644.83,57.88
Lesotho,LSO,2002,5.943,543.98,32233.19,55.56
Lesotho,LSO,2003,7.459,598.45,34688.35,53.58
Lesotho,LSO,2004,10.418,515.85,34567.09,57.55
Lesotho,LSO,2005,9.183,559.18,34170.08,52.26
Lesotho,LSO,2006,6.544,548.1,36430.55,50.71
Lesotho,LSO,2007,9.355,584.46,34346.85,58.35
Lesotho,LSO,2008,7.24,545.3,37789.34,57.49
Lesotho,LSO,2009,6.919,598.21,37705.6,45.43
Lesotho,LSO,2010,8.147,542.34,35424.59,59.19
Lesotho,LSO,2011,6.983,529.15,35488.78,56.87
Lesotho,LSO,2012,9.717,595.55,36374.78,53.78
Lesotho,LSO,2013,6.186,607.45,36157.7,49.01
Lesotho,LSO,2014,6.491,601.69,33691.58,55.06
Lesotho,LSO,2015,8.688,567.61,35169.79,43.69
Lesotho,LSO,2016,9.815,683.91,34663.92,40.79
Lesotho,LSO,2017,5.901,584.88,34790.65,63.79
Lesotho,LSO,2018,8.052,577.48,36307.41,53.87
Lesotho,LSO,2019,7.789,631.33,34271.48,59.53
Lesotho,LSO,2020,9.319,523.74,35142.18,56.12
Lesotho,LSO,2021,7.617,630.94,39675.73,49.48
Lesotho,LSO,2022,7.927,608.5,36699.91,40.71
Lesotho,LSO,2023,7.593,639.99,36806.77,65.03
Eswatini,SWZ,2000,3.478,467.92,17706.57,29.78
Eswatini,SWZ,2001,4.358,534.36,18167.39,30.7
Eswatini,SWZ,2002,5.634,450.54,20450.22,22.68
Eswatini,SWZ,2003,4.074,489.26,18244.37,30.39
Eswatini,SWZ,2004,5.476,486.26,18805.57,40.66
Eswatini,SWZ,2005,6.025,419.48,18071.99,36.15
Eswatini,SWZ,2006,3.179,458.04,19637.78,31.74
Eswatini,SWZ,2007,4.555,477.26,21724.6,33.78
Eswatini,SWZ,2008,4.124,462.61,23333.61,30.34
Eswatini,SWZ,2009,6.416,490.21,17255.4,29.96
Eswatini,SWZ,2010,5.009,446.97,18673.16,31.88
Eswatini,SWZ,2011,4.781,467.16,20715.48,37.12
Eswatini,SWZ,2012,2.354,460.42,21458.24,40.53
Eswatini,SWZ,2013,5.273,525.56,23000.96,34.47
Eswatini,SWZ,2014,5.918,416.8,18828.91,38.28
Eswatini,SWZ,2015,4.215,507.88,26381.36,21.11
Eswatini,SWZ,2016,4.439,441.03,24403.08,37.39
Eswatini,SWZ,2017,4.292,449.01,21489.08,22.64
Eswatini,SWZ,2018,4.377,442.51,20655.38,29.23
Eswatini,SWZ,2019,7.213,464.93,22123.96,39.53
Eswatini,SWZ,2020,5.765,497.52,23286.47,36.64
Eswatini,SWZ,2021,3.489,478.32,21176.62,32.94
Eswatini,SWZ,2022,3.707,521.26,23538.09,29.67
Eswatini,SWZ,2023,4.278,464.4,22316.83,36.89
Liberia,LBR,2000,5.77,493.93,22386.09,43.71
Liberia,LBR,2001,6.06,520.34,23995.83,42.33
Liberia,LBR,2002,6.04,502.13,23319.96,36.8
Liberia,LBR,2003,4.829,585.65,27856.3,37.56
Liberia,LBR,2004,4.566,449.29,23931.95,45.53
Liberia,LBR,2005,5.271,563.6,25013.39,42.88
Liberia,LBR,2006,5.723,493.88,23131.6,27.76
Liberia,LBR,2007,6.317,521.3,23503.84,32.9
Liberia,LBR,2008,5.613,417.41,24837.76,47.95
Liberia,LBR,2009,6.25,546.03,29173.13,47.33
Liberia,LBR,2010,6.986,484.69,25614.83,42.12
Liberia,LBR,2011,5.354,546.84,21773.81,36.38
Liberia,LBR,2012,4.469,535.1,28883.07,39.44
Liberia,LBR,2013,2.026,476.0,24338.65,34.3
Liberia,LBR,2014,3.971,409.01,26355.77,44.03
Liberia,LBR,2015,3.633,503.97,23426.79,42.84
Liberia,LBR,2016,2.444,478.66,26317.08,35.02
Liberia,LBR,2017,5.354,566.34,28967.23,39.79
Liberia,LBR,2018,5.329,556.41,25785.63,45.75
Liberia,LBR,2019,4.393,518.99,28273.73,51.08
Liberia,LBR,2020,4.298,595.59,31491.95,41.97
Liberia,LBR,2021,5.968,532.83,26017.74,37.9
Liberia,LBR,2022,5.455,591.78,27603.39,27.17
Liberia,LBR,2023,4.514,481.58,27008.48,44.64
Sierra Leone,SLE,2000,11.421,691.29,55205.89,73.14
Sierra Leone,SLE,2001,12.895,754.33,56947.78,71.13
Sierra Leone,SLE,2002,14.385,766.47,49053.29,66.79
Sierra Leone,SLE,2003,12.284,721.0,59104.06,69.42
Sierra Leone,SLE,2004,13.319,646.78,49237.36,76.83
Sierra Leone,SLE,2005,11.967,766.98,55000.13,87.46
Sierra Leone,SLE,2006,10.999,714.0,51958.55,82.34
Sierra Leone,SLE,2007,10.41,714.07,56979.9,84.71
Sierra Leone,SLE,2008,10.794,717.13,52168.04,79.05
Sierra Leone,SLE,2009,11.411,757.08,52618.92,80.55
Sierra Leone,SLE,2010,11.482,776.76,52406.03,77.87
Sierra Leone,SLE,2011,10.701,734.58,51921.9,77.06
Sierra Leone,SLE,2012,12.641,731.01,52661.73,69.09
Sierra Leone,SLE,2013,12.567,752.04,55130.66,88.84
Sierra Leone,SLE,2014,14.18,738.96,53552.12,69.09
Sierra Leone,SLE,2015,13.334,759.11,49843.44,64.67
Sierra Leone,SLE,2016,12.454,706.04,54961.72,77.12
Sierra Leone,SLE,2017,12.546,695.9,59207.5,81.06
Sierra Leone,SLE,2018,12.581,674.03,56234.9,72.94
Sierra Leone,SLE,2019,13.003,758.5,51924.77,73.63
Sierra Leone,SLE,2020,12.061,776.42,58541.47,80.91
Sierra Leone,SLE,2021,9.338,766.56,59071.68,62.21
Sierra Leone,SLE,2022,11.487,725.4,59469.85,88.67
Sierra Leone,SLE,2023,12.097,745.95,55144.41,76.05
Burundi,BDI,2000,12.005,674.1,52174.12,72.38
Burundi,BDI,2001,8.438,640.5,51405.16,72.13
Burundi,BDI,2002,11.042,741.09,47043.12,73.27
Burundi,BDI,2003,11.211,668.33,48567.24,78.04
Burundi,BDI,2004,12.108,679.03,48728.1,61.85
Burundi,BDI,2005,12.275,665.51,52654.66,73.72
Burundi,BDI,2006,12.719,695.45,44647.54,70.13
Burundi,BDI,2007,12.576,669.48,49501.92,69.18
Burundi,BDI,2008,12.74,738.08,54684.05,72.43
Burundi,BDI,2009,13.004,715.69,49163.32,82.59
Burundi,BDI,2010,11.444,794.92,45910.06,76.63
Burundi,BDI,2011,9.415,667.81,48488.75,82.18
Burundi,BDI,2012,10.78,699.64,49180.69,65.83
Burundi,BDI,2013,12.64,707.24,50577.4,65.6
Burundi,BDI,2014,11.196,724.72,49789.95,72.34
Burundi,BDI,2015,12.838,734.02,48994.93,79.88
Burundi,BDI,2016,11.422,617.68,51112.49,72.56
Burundi,BDI,2017,9.947,680.62,49225.14,73.6
Burundi,BDI,2018,13.994,716.47,49888.34,70.84
Burundi,BDI,2019,11.538,661.12,49218.18,83.97
Burundi,BDI,2020,13.191,637.87,50038.18,87.05
Burundi,BDI,2021,11.222,729.67,54357.91,76.04
Burundi,BDI,2022,9.999,725.81,54227.02,73.62
Burundi,BDI,2023,11.472,689.14,52567.88,69.04
Central African Republic,CAF,2000,3.053,388.68,9984.2,18.86
Central African Republic,CAF,2001,3.504,397.92,11114.76,23.46
Central African Republic,CAF,2002,5.428,360.56,11676.06,21.25
Central African Republic,CAF,2003,2.785,359.58,13139.57,23.66
Central African Republic,CAF,2004,2.803,348.24,11830.05,18.73
Central African Republic,CAF,2005,2.703,348.48,12733.07,21.46
Central African Republic,CAF,2006,3.983,419.65,15495.61,17.0
Central African Republic,CAF,2007,3.709,381.69,10073.85,23.89
Central African Republic,CAF,2008,3.767,358.39,9333.23,24.08
Central African Republic,CAF,2009,3.41,383.38,11511.24,15.31
Central African Republic,CAF,2010,0.841,389.65,11683.65,20.39
Central African Republic,CAF,2011,2.487,357.82,17444.22,9.17
Central African Republic,CAF,2012,1.913,350.75,11554.54,24.19
Central African Republic,CAF,2013,1.4,398.09,9261.32,13.62
Central African Republic,CAF,2014,1.827,357.31,14706.41,18.21
Central African Republic,CAF,2015,2.137,393.4,12965.77,17.38
Central African Republic,CAF,2016,2.477,403.85,11934.22,28.36
Central African Republic,CAF,2017,3.96,433.6,14678.91,22.75
Central African Republic,CAF,2018,3.928,407.93,15079.35,11.1
Central African Republic,CAF,2019,3.02,411.84,12330.31,21.53
Central African Republic,CAF,2020,3.315,392.57,9136.87,19.74
Central African Republic,CAF,2021,2.111,467.17,13698.29,20.69
Central African Republic,CAF,2022,2.497,409.71,14126.38,23.99
Central African Republic,CAF,2023,0.862,398.46,10839.7,21.97
Chad,TCD,2000,8.556,630.59,43905.92,61.08
Chad,TCD,2001,9.042,687.48,47070.92,60.39
Chad,TCD,2002,7.591,681.44,42470.36,60.34
Chad,TCD,2003,9.179,649.71,43944.52,62.16
Chad,TCD,2004,8.416,626.29,43917.54,62.56
Chad,TCD,2005,10.163,567.61,43737.44,69.52
Chad,TCD,2006,8.806,631.4,42544.82,62.76
Chad,TCD,2007,9.842,695.24,42216.45,50.79
Chad,TCD,2008,10.303,706.04,45212.13,70.81
Chad,TCD,2009,10.823,681.86,45652.66,69.39
Chad,TCD,2010,8.385,588.46,44925.31,57.24
Chad,TCD,2011,11.391,634.57,37993.54,55.05
Chad,TCD,2012,9.968,669.61,46301.63,70.77
Chad,TCD,2013,9.453,705.65,44552.07,65.73
Chad,TCD,2014,8.076,621.37,44475.26,67.12
Chad,TCD,2015,10.309,663.55,48371.4,54.34
Chad,TCD,2016,8.258,583.52,46140.24,71.68
Chad,TCD,2017,10.357,661.32,45385.13,68.46
Chad,TCD,2018,9.609,669.17,44847.85,54.48
Chad,TCD,2019,9.23,674.68,44812.57,61.41
Chad,TCD,2020,10.115,667.17,47828.24,53.92
Chad,TCD,2021,9.663,624.04,47167.46,57.29
Chad,TCD,2022,9.515,728.17,48552.89,62.73
Chad,TCD,2023,9.607,685.46,48971.36,65.88
Republic of the Congo,COG,2000,9.758,639.38,50874.11,72.83
Republic of the Congo,COG,2001,8.41,670.41,51254.57,70.41
Republic of the Congo,COG,2002,8.83,682.17,44835.03,59.21
Republic of the Congo,COG,2003,8.815,724.64,45579.14,66.14
Republic of the Congo,COG,2004,10.727,678.26,42835.72,59.52
Republic of the Congo,COG,2005,12.353,602.14,49888.46,76.31
Republic of the Congo,COG,2006,10.247,702.09,47607.54,58.82
Republic of the Congo,COG,2007,10.448,617.05,47608.18,60.64
Republic of the Congo,COG,2008,11.275,686.64,49629.41,70.11
Republic of the Congo,COG,2009,12.506,710.42,52066.83,62.66
Republic of the Congo,COG,2010,9.99,591.13,46182.24,67.85
Republic of the Congo,COG,2011,11.345,658.66,48798.4,72.06
Republic of the Congo,COG,2012,10.54,645.01,46702.6,68.66
Republic of the Congo,COG,2013,8.76,670.78,46541.1,72.14
Republic of the Congo,COG,2014,11.38,682.88,49971.19,68.85
Republic of the Congo,COG,2015,10.703,637.09,52448.93,73.48
Republic of the Congo,COG,2016,9.216,711.51,52312.43,58.13
Republic of the Congo,COG,2017,11.595,697.73,48331.4,61.49
Republic of the Congo,COG,2018,9.574,592.66,50456.85,73.23
Republic of the Congo,COG,2019,9.831,649.06,46125.9,69.13
Republic of the Congo,COG,2020,9.943,687.86,46489.7,75.01
Republic of the Congo,COG,2021,10.661,691.28,48242.3,65.55
Republic of the Congo,COG,2022,9.874,725.81,51549.91,69.82
Republic of the Congo,COG,2023,10.741,712.63,47480.75,65.88
Democratic Republic of the Congo,COD,2000,4.622,422.36,14224.73,28.64
Democratic Republic of the Congo,COD,2001,1.904,469.59,15794.84,33.29
Democratic Republic of the Congo,COD,2002,3.131,379.25,11549.85,22.38
Democratic Republic of the Congo,COD,2003,2.745,403.41,11888.56,22.27
Democratic Republic of the Congo,COD,2004,1.705,456.71,11714.01,25.25
Democratic Republic of the Congo,COD,2005,3.426,436.47,17064.27,22.52
Democratic Republic of the Congo,COD,2006,2.803,370.1,14396.49,24.46
Democratic Republic of the Congo,COD,2007,1.11,383.16,14108.03,33.77
Democratic Republic of the Congo,COD,2008,3.599,442.66,17365.63,27.28
Democratic Republic of the Congo,COD,2009,4.892,392.81,13230.9,36.36
Democratic Republic of the Congo,COD,2010,4.024,414.79,14677.15,26.82
Democratic Republic of the Congo,COD,2011,2.02,413.87,15735.53,24.02
Democratic Republic of the Congo,COD,2012,3.25,329.06,15152.69,40.19
Democratic Republic of the Congo,COD,2013,2.137,419.73,14587.35,19.69
Democratic Republic of the Congo,COD,2014,2.865,441.92,15059.45,24.01
Democratic Republic of the Congo,COD,2015,3.48,428.18,17247.58,33.4
Democratic Republic of the Congo,COD,2016,1.69,474.83,18844.09,31.4
Democratic Republic of the Congo,COD,2017,3.121,366.64,20470.98,23.0
Democratic Republic of the Congo,COD,2018,1.47,465.23,16469.5,27.73
Democratic Republic of the Congo,COD,2019,3.65,467.61,15292.71,25.31
Democratic Republic of the Congo,COD,2020,3.481,520.73,15082.87,17.74
Democratic Republic of the Congo,COD,2021,2.269,443.44,15025.22,22.62
Democratic Republic of the Congo,COD,2022,2.46,461.72,19690.8,33.28
Democratic Republic of the Congo,COD,2023,3.79,490.89,15623.36,28.0
Guinea,GIN,2000,0.1,367.76,10882.2,22.49
Guinea,GIN,2001,3.782,326.46,11991.88,23.29
Guinea,GIN,2002,4.278,367.75,15228.81,21.56
Guinea,GIN,2003,2.744,400.53,12240.23,26.08
Guinea,GIN,2004,2.697,389.4,7728.49,12.33
Guinea,GIN,2005,3.925,363.69,14319.95,24.77
Guinea,GIN,2006,4.788,432.06,11451.98,24.48
Guinea,GIN,2007,3.949,392.03,16498.81,22.05
Guinea,GIN,2008,3.358,437.21,17800.24,9.05
Guinea,GIN,2009,3.218,357.58,14531.46,31.92
Guinea,GIN,2010,2.346,432.16,15305.83,15.1
Guinea,GIN,2011,2.777,391.87,11828.63,31.87
Guinea,GIN,2012,1.592,482.41,15757.61,31.23
Guinea,GIN,2013,1.641,401.94,16293.46,20.56
Guinea,GIN,2014,3.788,467.2,12620.1,29.44
Guinea,GIN,2015,3.199,400.62,14672.08,24.87
Guinea,GIN,2016,1.515,422.77,14386.74,25.85
Guinea,GIN,2017,3.563,386.23,14523.73,35.02
Guinea,GIN,2018,3.591,402.65,18169.81,29.31
Guinea,GIN,2019,3.206,413.01,15446.48,39.33
Guinea,GIN,2020,1.538,370.79,15965.76,23.22
Guinea,GIN,2021,5.464,411.82,12379.17,21.18
Guinea,GIN,2022,2.669,410.5,12952.08,18.32
Guinea,GIN,2023,3.395,466.53,12748.29,21.35
Guinea-Bissau,GNB,2000,2.089,398.32,12349.38,25.15
Guinea-Bissau,GNB,2001,2.819,426.1,20579.08,32.71
Guinea-Bissau,GNB,2002,1.335,404.85,13260.61,36.27
Guinea-Bissau,GNB,2003,4.34,391.69,15255.31,22.34
Guinea-Bissau,GNB,2004,2.123,408.39,13466.21,24.71
Guinea-Bissau,GNB,2005,1.971,419.18,15612.07,27.16
Guinea-Bissau,GNB,2006,2.963,450.42,17733.04,27.5
Guinea-Bissau,GNB,2007,2.912,376.86,15835.74,33.41
Guinea-Bissau,GNB,2008,0.367,441.29,18659.49,23.94
Guinea-Bissau,GNB,2009,3.543,488.11,17972.1,29.2
Guinea-Bissau,GNB,2010,3.982,383.75,16694.15,19.5
Guinea-Bissau,GNB,2011,3.619,433.9,16937.84,20.84
Guinea-Bissau,GNB,2012,3.648,456.19,15552.29,24.41
Guinea-Bissau,GNB,2013,3.601,461.49,14820.93,21.84
Guinea-Bissau,GNB,2014,3.922,406.48,17201.05,36.15
Guinea-Bissau,GNB,2015,3.727,441.5,15144.49,15.76
Guinea-Bissau,GNB,2016,3.726,510.77,20102.05,36.79
Guinea-Bissau,GNB,2017,3.646,413.45,15058.02,23.51
Guinea-Bissau,GNB,2018,2.5,475.03,18463.58,34.91
Guinea-Bissau,GNB,2019,3.324,421.31,13734.01,23.07
Guinea-Bissau,GNB,2020,5.048,491.39,17329.12,32.95
Guinea-Bissau,GNB,2021,2.093,422.11,21493.1,23.78
Guinea-Bissau,GNB,2022,4.194,423.8,17416.44,30.57
Guinea-Bissau,GNB,2023,4.874,442.44,18798.74,20.88
Equatorial Guinea,GNQ,2000,0.35,300.0,6003.49,23.23
Equatorial Guinea,GNQ,2001,2.128,311.01,4955.33,17.74
Equatorial Guinea,GNQ,2002,2.181,321.6,5763.67,10.3
Equatorial Guinea,GNQ,2003,0.429,395.56,2823.09,5.0
Equatorial Guinea,GNQ,2004,0.746,378.91,7381.2,5.0
Equatorial Guinea,GNQ,2005,1.272,405.1,4760.83,18.78
Equatorial Guinea,GNQ,2006,3.264,367.86,7139.82,20.65
Equatorial Guinea,GNQ,2007,1.545,300.0,5044.91,13.01
Equatorial Guinea,GNQ,2008,0.668,306.28,7212.58,14.23
Equatorial Guinea,GNQ,2009,1.973,339.18,3246.51,25.63
Equatorial Guinea,GNQ,2010,0.1,370.79,3930.17,14.12
Equatorial Guinea,GNQ,2011,0.406,368.89,6118.98,15.64
Equatorial Guinea,GNQ,2012,0.1,302.24,8887.31,20.64
Equatorial Guinea,GNQ,2013,3.369,358.99,3796.4,19.19
Equatorial Guinea,GNQ,2014,0.1,300.0,4035.75,15.2
Equatorial Guinea,GNQ,2015,1.83,393.27,6013.21,9.78
Equatorial Guinea,GNQ,2016,0.651,399.64,8927.09,17.04
Equatorial Guinea,GNQ,2017,0.1,343.26,4799.4,21.6
Equatorial Guinea,GNQ,2018,1.791,364.92,5905.31,32.82
Equatorial Guinea,GNQ,2019,0.943,323.63,6669.32,9.06
Equatorial Guinea,GNQ,2020,0.223,377.59,6288.9,17.54
Equatorial Guinea,GNQ,2021,1.833,362.16,9172.6,12.4
Equatorial Guinea,GNQ,2022,1.123,356.81,2848.55,11.95
Equatorial Guinea,GNQ,2023,1.291,382.79,9649.01,14.76
